tempfile:2: SyntaxWarning: "\/" is an invalid escape sequence. Such sequences will not work in the future. Did you mean "\\/"? A raw string is also an option.

dynamic-layers/virtualization-layer/recipes-samples/images/moddevices-container-ampsim.bb:1:error:oelint.var.mandatoryvar.DESCRIPTION:Variable 'DESCRIPTION' should be set [branch:true]
dynamic-layers/virtualization-layer/recipes-samples/images/moddevices-container-ampsim.bb:1:info:oelint.var.suggestedvar.BUGTRACKER:Variable 'BUGTRACKER' should be set [branch:true]
dynamic-layers/virtualization-layer/recipes-samples/images/moddevices-container-ampsim.bb:1:info:oelint.var.suggestedvar.CVE_PRODUCT:Variable 'CVE_PRODUCT' should be set [branch:true]
dynamic-layers/virtualization-layer/recipes-samples/images/moddevices-container-ampsim.bb:1:info:oelint.var.suggestedvar.SECTION:Variable 'SECTION' should be set [branch:true]
dynamic-layers/virtualization-layer/recipes-samples/images/moddevices-container-ampsim.bb:3:warning:oelint.var.licenseremotefile:License-File should be a remote file [branch:true]
dynamic-layers/virtualization-layer/recipes-samples/images/moddevices-container-ampsim.bb:5:error:oelint.file.requirenotfound:'recipes-samples/images/moddevices-container-base.bb' was not found [branch:true]
dynamic-layers/virtualization-layer/recipes-samples/images/moddevices-container-base.bb:1:error:oelint.var.mandatoryvar.DESCRIPTION:Variable 'DESCRIPTION' should be set [branch:true]
dynamic-layers/virtualization-layer/recipes-samples/images/moddevices-container-base.bb:1:error:oelint.var.override:Variable 'SUMMARY' is set by 'moddevices-contrib.inc,moddevices-container-base.bb' [branch:true]
dynamic-layers/virtualization-layer/recipes-samples/images/moddevices-container-base.bb:1:info:oelint.var.suggestedvar.BUGTRACKER:Variable 'BUGTRACKER' should be set [branch:true]
dynamic-layers/virtualization-layer/recipes-samples/images/moddevices-container-base.bb:1:info:oelint.var.suggestedvar.CVE_PRODUCT:Variable 'CVE_PRODUCT' should be set [branch:true]
dynamic-layers/virtualization-layer/recipes-samples/images/moddevices-container-base.bb:1:info:oelint.var.suggestedvar.SECTION:Variable 'SECTION' should be set [branch:true]
dynamic-layers/virtualization-layer/recipes-samples/images/moddevices-container-base.bb:1:warning:oelint.vars.summary80chars:'SUMMARY' should not be longer than 80 characters [branch:true]
dynamic-layers/virtualization-layer/recipes-samples/images/moddevices-container-base.bb:2:error:oelint.var.override:Variable 'LICENSE' is set by 'moddevices-contrib.inc,moddevices-container-base.bb' [branch:true]
dynamic-layers/virtualization-layer/recipes-samples/images/moddevices-container-base.bb:3:warning:oelint.var.licenseremotefile:License-File should be a remote file [branch:true]
dynamic-layers/virtualization-layer/recipes-samples/images/moddevices-container-base.bb:5:error:oelint.file.requirenotfound:'recipes-extended/images/container-base.bb' was not found [branch:true]
dynamic-layers/virtualization-layer/recipes-samples/images/moddevices-container-base.bb:8:warning:oelint.vars.mispell.unknown:'OCI_IMAGE_ENTRYPOINT' is unknown. Consider adding it via --constantmods [branch:true]
dynamic-layers/virtualization-layer/recipes-samples/images/moddevices-container-base.bb:8:warning:oelint.vars.pathhardcode.bindir:'${bindir}' should be used instead of '/usr/bin' [branch:true]
recipes-containers/container-files/container-browsepy-files.bb:1:error:oelint.file.underscores:Filename should contain at least one '_' in the end [branch:true]
recipes-containers/container-files/container-browsepy-files.bb:1:info:oelint.var.bbclassextend:BBCLASSEXTEND should be set if possible [branch:true]
recipes-containers/container-files/container-browsepy-files.bb:1:error:oelint.var.mandatoryvar.DESCRIPTION:Variable 'DESCRIPTION' should be set [branch:true]
recipes-containers/container-files/container-browsepy-files.bb:1:error:oelint.var.mandatoryvar.HOMEPAGE:Variable 'HOMEPAGE' should be set [branch:true]
recipes-containers/container-files/container-browsepy-files.bb:1:error:oelint.var.mandatoryvar.SRC_URI:Variable 'SRC_URI' should be set [branch:true]
recipes-containers/container-files/container-browsepy-files.bb:1:info:oelint.var.suggestedvar.BUGTRACKER:Variable 'BUGTRACKER' should be set [branch:true]
recipes-containers/container-files/container-browsepy-files.bb:1:info:oelint.var.suggestedvar.CVE_PRODUCT:Variable 'CVE_PRODUCT' should be set [branch:true]
recipes-containers/container-files/container-browsepy-files.bb:1:info:oelint.var.suggestedvar.SECTION:Variable 'SECTION' should be set [branch:true]
recipes-containers/container-files/container-browsepy-files.bb:3:warning:oelint.var.licenseremotefile:License-File should be a remote file [branch:true]
recipes-containers/container-files/container-browsepy-files.bb:20:warning:oelint.var.filesoverride:'FILES' should not be overridden [branch:true]
recipes-containers/container-files/container-entrypoint.bb:1:error:oelint.file.underscores:Filename should contain at least one '_' in the end [branch:true]
recipes-containers/container-files/container-entrypoint.bb:1:info:oelint.var.bbclassextend:BBCLASSEXTEND should be set if possible [branch:true]
recipes-containers/container-files/container-entrypoint.bb:1:error:oelint.var.mandatoryvar.DESCRIPTION:Variable 'DESCRIPTION' should be set [branch:true]
recipes-containers/container-files/container-entrypoint.bb:1:error:oelint.var.mandatoryvar.HOMEPAGE:Variable 'HOMEPAGE' should be set [branch:true]
recipes-containers/container-files/container-entrypoint.bb:1:info:oelint.var.suggestedvar.BUGTRACKER:Variable 'BUGTRACKER' should be set [branch:true]
recipes-containers/container-files/container-entrypoint.bb:1:info:oelint.var.suggestedvar.CVE_PRODUCT:Variable 'CVE_PRODUCT' should be set [branch:true]
recipes-containers/container-files/container-entrypoint.bb:1:info:oelint.var.suggestedvar.SECTION:Variable 'SECTION' should be set [branch:true]
recipes-containers/container-files/container-entrypoint.bb:3:warning:oelint.var.licenseremotefile:License-File should be a remote file [branch:true]
recipes-containers/container-files/container-entrypoint.bb:4:warning:oelint.vars.fileextrapaths:'FILESEXTRAPATHS' should be used only in a bbappend file [branch:true]
recipes-containers/container-files/container-entrypoint.bb:4:warning:oelint.vars.outofcontext:FILESEXTRAPATHS should be only set in bbappend(s) [branch:true]
recipes-containers/container-files/container-entrypoint.bb:12:warning:oelint.var.filesoverride:'FILES' should not be overridden [branch:true]
recipes-ext-controllers/cc-master/cc-master.bb:1:error:oelint.file.underscores:Filename should contain at least one '_' in the end [branch:true]
recipes-ext-controllers/cc-master/cc-master.bb:1:info:oelint.var.bbclassextend:BBCLASSEXTEND should be set if possible [branch:true]
recipes-ext-controllers/cc-master/cc-master.bb:1:error:oelint.var.mandatoryvar.DESCRIPTION:Variable 'DESCRIPTION' should be set [branch:true]
recipes-ext-controllers/cc-master/cc-master.bb:1:error:oelint.var.mandatoryvar.HOMEPAGE:Variable 'HOMEPAGE' should be set [branch:true]
recipes-ext-controllers/cc-master/cc-master.bb:1:error:oelint.var.mandatoryvar.SUMMARY:Variable 'SUMMARY' should be set [branch:true]
recipes-ext-controllers/cc-master/cc-master.bb:1:info:oelint.var.suggestedvar.BUGTRACKER:Variable 'BUGTRACKER' should be set [branch:true]
recipes-ext-controllers/cc-master/cc-master.bb:1:info:oelint.var.suggestedvar.CVE_PRODUCT:Variable 'CVE_PRODUCT' should be set [branch:true]
recipes-ext-controllers/cc-master/cc-master.bb:1:info:oelint.var.suggestedvar.SECTION:Variable 'SECTION' should be set [branch:true]
recipes-ext-controllers/cc-master/cc-master.bb:7:warning:oelint.vars.spacesassignment:Suggest spaces around assignment. E.g. 'FOO = "BAR"' [branch:true]
recipes-ext-controllers/cc-master/cc-master.bb:13:warning:oelint.vars.spacesassignment:Suggest spaces around assignment. E.g. 'FOO = "BAR"' [branch:true]
recipes-ext-controllers/cc-master/cc-master.bb:15:error:oelint.vars.unpackdir:Use ${UNPACKDIR} instead of ${WORKDIR} [branch:true]
recipes-ext-controllers/cc-master/cc-master.bb:28:warning:oelint.var.order.DEPENDS:'DEPENDS' should be placed before 'RPROVIDES' [branch:true]
recipes-ext-controllers/cc-master/cc-master.bb:28:error:oelint.vars.dependsappend:DEPENDS should only be appended, not overwritten after an include or inherit [branch:true]
recipes-ext-controllers/cc-master/cc-master.bb:28:warning:oelint.vars.dependsordered:'DEPENDS' entries should be ordered alphabetically [branch:true]
recipes-ext-controllers/cc-master/cc-master.bb:33:warning:oelint.vars.dependsordered:'RDEPENDS' entries should be ordered alphabetically [branch:true]
recipes-ext-controllers/cc-master/cc-master.bb:39:warning:oelint.var.order.FILES:'FILES' should be placed before 'RDEPENDS' [branch:true]
recipes-ext-controllers/cc-master/cc-master.bb:47:warning:oelint.var.filesoverride:'FILES' should not be overridden [branch:true]
recipes-ext-controllers/libserialport/libserialport.bb:1:error:oelint.file.underscores:Filename should contain at least one '_' in the end [branch:true]
recipes-ext-controllers/libserialport/libserialport.bb:1:info:oelint.var.bbclassextend:BBCLASSEXTEND should be set if possible [branch:true]
recipes-ext-controllers/libserialport/libserialport.bb:1:error:oelint.var.mandatoryvar.DESCRIPTION:Variable 'DESCRIPTION' should be set [branch:true]
recipes-ext-controllers/libserialport/libserialport.bb:1:error:oelint.var.mandatoryvar.HOMEPAGE:Variable 'HOMEPAGE' should be set [branch:true]
recipes-ext-controllers/libserialport/libserialport.bb:1:error:oelint.var.mandatoryvar.SUMMARY:Variable 'SUMMARY' should be set [branch:true]
recipes-ext-controllers/libserialport/libserialport.bb:1:info:oelint.var.suggestedvar.BUGTRACKER:Variable 'BUGTRACKER' should be set [branch:true]
recipes-ext-controllers/libserialport/libserialport.bb:1:info:oelint.var.suggestedvar.CVE_PRODUCT:Variable 'CVE_PRODUCT' should be set [branch:true]
recipes-ext-controllers/libserialport/libserialport.bb:1:info:oelint.var.suggestedvar.SECTION:Variable 'SECTION' should be set [branch:true]
recipes-ext-controllers/libserialport/libserialport.bb:9:warning:oelint.vars.spacesassignment:Suggest spaces around assignment. E.g. 'FOO = "BAR"' [branch:true]
recipes-ext-controllers/libserialport/libserialport.bb:11:error:oelint.vars.unpackdir:Use ${UNPACKDIR} instead of ${WORKDIR} [branch:true]
recipes-ext-controllers/mod-ttymidi/mod-ttymidi.bb:1:error:oelint.file.underscores:Filename should contain at least one '_' in the end [branch:true]
recipes-ext-controllers/mod-ttymidi/mod-ttymidi.bb:1:info:oelint.var.bbclassextend:BBCLASSEXTEND should be set if possible [branch:true]
recipes-ext-controllers/mod-ttymidi/mod-ttymidi.bb:1:error:oelint.var.mandatoryvar.SUMMARY:Variable 'SUMMARY' should be set [branch:true]
recipes-ext-controllers/mod-ttymidi/mod-ttymidi.bb:1:info:oelint.var.suggestedvar.BUGTRACKER:Variable 'BUGTRACKER' should be set [branch:true]
recipes-ext-controllers/mod-ttymidi/mod-ttymidi.bb:1:info:oelint.var.suggestedvar.CVE_PRODUCT:Variable 'CVE_PRODUCT' should be set [branch:true]
recipes-ext-controllers/mod-ttymidi/mod-ttymidi.bb:3:warning:oelint.var.order.HOMEPAGE:'HOMEPAGE' should be placed before 'SECTION' [branch:true]
recipes-ext-controllers/mod-ttymidi/mod-ttymidi.bb:10:warning:oelint.vars.spacesassignment:Suggest spaces around assignment. E.g. 'FOO = "BAR"' [branch:true]
recipes-ext-controllers/mod-ttymidi/mod-ttymidi.bb:12:error:oelint.vars.unpackdir:Use ${UNPACKDIR} instead of ${WORKDIR} [branch:true]
recipes-ext-controllers/mod-ttymidi/mod-ttymidi.bb:20:warning:oelint.vars.pathhardcode.libdir:'${libdir}' should be used instead of '/usr/lib' [branch:true]
recipes-ext-controllers/mod-ttymidi/mod-ttymidi.bb:26:warning:oelint.var.order.DEPENDS:'DEPENDS' should be placed before 'S' [branch:true]
recipes-ext-controllers/mod-ttymidi/mod-ttymidi.bb:26:error:oelint.vars.dependsappend:DEPENDS should only be appended, not overwritten after an include or inherit [branch:true]
recipes-ext-controllers/mod-ttymidi/mod-ttymidi.bb:34:warning:oelint.var.order.FILES:'FILES' should be placed before 'RDEPENDS' [branch:true]
recipes-multimedia/jack-capture/jack-capture.bb:1:error:oelint.file.underscores:Filename should contain at least one '_' in the end [branch:true]
recipes-multimedia/jack-capture/jack-capture.bb:1:info:oelint.var.bbclassextend:BBCLASSEXTEND should be set if possible [branch:true]
recipes-multimedia/jack-capture/jack-capture.bb:1:error:oelint.var.mandatoryvar.DESCRIPTION:Variable 'DESCRIPTION' should be set [branch:true]
recipes-multimedia/jack-capture/jack-capture.bb:1:error:oelint.var.mandatoryvar.HOMEPAGE:Variable 'HOMEPAGE' should be set [branch:true]
recipes-multimedia/jack-capture/jack-capture.bb:1:error:oelint.var.mandatoryvar.SUMMARY:Variable 'SUMMARY' should be set [branch:true]
recipes-multimedia/jack-capture/jack-capture.bb:1:info:oelint.var.suggestedvar.BUGTRACKER:Variable 'BUGTRACKER' should be set [branch:true]
recipes-multimedia/jack-capture/jack-capture.bb:1:info:oelint.var.suggestedvar.CVE_PRODUCT:Variable 'CVE_PRODUCT' should be set [branch:true]
recipes-multimedia/jack-capture/jack-capture.bb:1:info:oelint.var.suggestedvar.SECTION:Variable 'SECTION' should be set [branch:true]
recipes-multimedia/jack-capture/jack-capture.bb:4:warning:oelint.vars.fileextrapaths:'FILESEXTRAPATHS' should be used only in a bbappend file [branch:true]
recipes-multimedia/jack-capture/jack-capture.bb:4:warning:oelint.vars.outofcontext:FILESEXTRAPATHS should be only set in bbappend(s) [branch:true]
recipes-multimedia/jack-capture/jack-capture.bb:7:warning:oelint.file.patchsignedoff:Patch '02_configure-sndfile.patch' should contain a Signed-off-by entry [branch:true]
recipes-multimedia/jack-capture/jack-capture.bb:7:warning:oelint.file.patchsignedoff:Patch '01_fix-cross-compile.patch' should contain a Signed-off-by entry [branch:true]
recipes-multimedia/jack-capture/jack-capture.bb:7:info:oelint.file.upstreamstatus:Patch '02_configure-sndfile.patch' should contain an Upstream-Status entry [branch:true]
recipes-multimedia/jack-capture/jack-capture.bb:7:info:oelint.file.upstreamstatus:Patch '01_fix-cross-compile.patch' should contain an Upstream-Status entry [branch:true]
recipes-multimedia/jack-capture/jack-capture.bb:12:warning:oelint.vars.spacesassignment:Suggest spaces around assignment. E.g. 'FOO = "BAR"' [branch:true]
recipes-multimedia/jack-capture/jack-capture.bb:14:error:oelint.vars.unpackdir:Use ${UNPACKDIR} instead of ${WORKDIR} [branch:true]
recipes-multimedia/jack-capture/jack-capture.bb:26:warning:oelint.var.order.DEPENDS:'DEPENDS' should be placed before 'S' [branch:true]
recipes-multimedia/jack-capture/jack-capture.bb:26:error:oelint.vars.dependsappend:DEPENDS should only be appended, not overwritten after an include or inherit [branch:true]
recipes-multimedia/jack-capture/jack-capture.bb:26:warning:oelint.vars.dependsordered:'DEPENDS' entries should be ordered alphabetically [branch:true]
recipes-multimedia/jack-capture/jack-capture.bb:35:warning:oelint.var.filesoverride:'FILES' should not be overridden [branch:true]
recipes-multimedia/jack-capture/jack-capture.bb:35:warning:oelint.var.order.FILES:'FILES' should be placed before 'RDEPENDS' [branch:true]
recipes-multimedia/jack/jack_git.bb:1:info:oelint.var.bbclassextend:BBCLASSEXTEND should be set if possible [branch:true]
recipes-multimedia/jack/jack_git.bb:1:error:oelint.var.mandatoryvar.HOMEPAGE:Variable 'HOMEPAGE' should be set [branch:true]
recipes-multimedia/jack/jack_git.bb:1:error:oelint.var.mandatoryvar.SUMMARY:Variable 'SUMMARY' should be set [branch:true]
recipes-multimedia/jack/jack_git.bb:1:info:oelint.var.suggestedvar.BUGTRACKER:Variable 'BUGTRACKER' should be set [branch:true]
recipes-multimedia/jack/jack_git.bb:1:info:oelint.var.suggestedvar.CVE_PRODUCT:Variable 'CVE_PRODUCT' should be set [branch:true]
recipes-multimedia/jack/jack_git.bb:15:warning:oelint.vars.fileextrapaths:'FILESEXTRAPATHS' should be used only in a bbappend file [branch:true]
recipes-multimedia/jack/jack_git.bb:15:warning:oelint.vars.outofcontext:FILESEXTRAPATHS should be only set in bbappend(s) [branch:true]
recipes-multimedia/jack/jack_git.bb:19:warning:oelint.file.patchsignedoff:Patch '01-cycle_counter_timing.patch' should contain a Signed-off-by entry [branch:true]
recipes-multimedia/jack/jack_git.bb:19:info:oelint.file.upstreamstatus:Patch '01-cycle_counter_timing.patch' should contain an Upstream-Status entry [branch:true]
recipes-multimedia/jack/jack_git.bb:19:warning:oelint.vars.srcurioptions:Fetcher 'git' might require option 'protocol' to be set [branch:true]
recipes-multimedia/jack/jack_git.bb:19:warning:oelint.vars.srcurioptions:Fetcher 'git' requires option 'branch' or any of 'nobranch,usehead' to be set [branch:true]
recipes-multimedia/jack/jack_git.bb:24:warning:oelint.var.order.PV:'PV' should be placed before 'SRCREV' [branch:true]
recipes-multimedia/jack/jack_git.bb:25:error:oelint.vars.unpackdir:Use ${UNPACKDIR} instead of ${WORKDIR} [branch:true]
recipes-multimedia/jack/jack_git.bb:47:warning:oelint.var.filesoverride:'FILES' should not be overridden [branch:true]
recipes-multimedia/jack/jack_git.bb:47:warning:oelint.var.order.FILES:'FILES' should be placed before 'RDEPENDS' [branch:true]
recipes-multimedia/jack/jack_git.bb:48:warning:oelint.var.filesoverride:'FILES' should not be overridden [branch:true]
recipes-multimedia/jack/jack_git.bb:53:warning:oelint.var.filesoverride:'FILES' should not be overridden [branch:true]
recipes-multimedia/sndfile-tools/sndfile-tools.bb:1:error:oelint.file.underscores:Filename should contain at least one '_' in the end [branch:true]
recipes-multimedia/sndfile-tools/sndfile-tools.bb:1:info:oelint.var.bbclassextend:BBCLASSEXTEND should be set if possible [branch:true]
recipes-multimedia/sndfile-tools/sndfile-tools.bb:1:info:oelint.var.suggestedvar.BUGTRACKER:Variable 'BUGTRACKER' should be set [branch:true]
recipes-multimedia/sndfile-tools/sndfile-tools.bb:1:info:oelint.var.suggestedvar.CVE_PRODUCT:Variable 'CVE_PRODUCT' should be set [branch:true]
recipes-multimedia/sndfile-tools/sndfile-tools.bb:4:warning:oelint.var.order.AUTHOR:'AUTHOR' should be placed before 'HOMEPAGE' [branch:true]
recipes-multimedia/sndfile-tools/sndfile-tools.bb:4:warning:oelint.vars.mispell.unknown:'AUTHOR' is unknown. Consider adding it via --constantmods [branch:true]
recipes-multimedia/sndfile-tools/sndfile-tools.bb:5:warning:oelint.vars.dependsordered:'DEPENDS' entries should be ordered alphabetically [branch:true]
recipes-multimedia/sndfile-tools/sndfile-tools.bb:6:warning:oelint.var.order.SECTION:'SECTION' should be placed before 'DEPENDS' [branch:true]
recipes-multimedia/sndfile-tools/sndfile-tools.bb:10:warning:oelint.file.patchsignedoff:Patch '01_jackplay-internal-client.patch' should contain a Signed-off-by entry [branch:true]
recipes-multimedia/sndfile-tools/sndfile-tools.bb:10:info:oelint.file.upstreamstatus:Patch '01_jackplay-internal-client.patch' should contain an Upstream-Status entry [branch:true]
recipes-multimedia/sndfile-tools/sndfile-tools.bb:16:error:oelint.vars.unpackdir:Use ${UNPACKDIR} instead of ${WORKDIR} [branch:true]
recipes-multimedia/sndfile-tools/sndfile-tools.bb:26:warning:oelint.vars.pathhardcode.libdir:'${libdir}' should be used instead of '/usr/lib' [branch:true]
recipes-plugins-dep/armadillo/armadillo_8.200.2.bb:1:info:oelint.var.bbclassextend:BBCLASSEXTEND should be set if possible [branch:true]
recipes-plugins-dep/armadillo/armadillo_8.200.2.bb:1:error:oelint.var.mandatoryvar.DESCRIPTION:Variable 'DESCRIPTION' should be set [branch:true]
recipes-plugins-dep/armadillo/armadillo_8.200.2.bb:1:info:oelint.var.suggestedvar.BUGTRACKER:Variable 'BUGTRACKER' should be set [branch:true]
recipes-plugins-dep/armadillo/armadillo_8.200.2.bb:1:info:oelint.var.suggestedvar.CVE_PRODUCT:Variable 'CVE_PRODUCT' should be set [branch:true]
recipes-plugins-dep/armadillo/armadillo_8.200.2.bb:1:info:oelint.var.suggestedvar.SECTION:Variable 'SECTION' should be set [branch:true]
recipes-plugins-dep/armadillo/armadillo_8.200.2.bb:7:error:oelint.vars.srcurichecksum:md5sum is deprecated. It can be removed. [branch:true]
recipes-plugins-dep/armadillo/armadillo_8.200.2.bb:11:warning:oelint.var.order.DEPENDS:'DEPENDS' should be placed before 'SRC_URI' [branch:true]
recipes-plugins-dep/fluidsynth/fluidsynth_1.1.6.bb:1:info:oelint.var.bbclassextend:BBCLASSEXTEND should be set if possible [branch:true]
recipes-plugins-dep/fluidsynth/fluidsynth_1.1.6.bb:1:error:oelint.var.mandatoryvar.DESCRIPTION:Variable 'DESCRIPTION' should be set [branch:true]
recipes-plugins-dep/fluidsynth/fluidsynth_1.1.6.bb:1:info:oelint.var.suggestedvar.BUGTRACKER:Variable 'BUGTRACKER' should be set [branch:true]
recipes-plugins-dep/fluidsynth/fluidsynth_1.1.6.bb:1:info:oelint.var.suggestedvar.CVE_PRODUCT:Variable 'CVE_PRODUCT' should be set [branch:true]
recipes-plugins-dep/fluidsynth/fluidsynth_1.1.6.bb:7:warning:oelint.vars.dependsordered:'DEPENDS' entries should be ordered alphabetically [branch:true]
recipes-plugins-dep/fluidsynth/fluidsynth_1.1.6.bb:10:error:oelint.vars.srcurichecksum:md5sum is deprecated. It can be removed. [branch:true]
recipes-plugins-dep/kxstudio-lv2-extensions/kxstudio-lv2-extensions.bb:1:error:oelint.file.underscores:Filename should contain at least one '_' in the end [branch:true]
recipes-plugins-dep/kxstudio-lv2-extensions/kxstudio-lv2-extensions.bb:1:info:oelint.var.bbclassextend:BBCLASSEXTEND should be set if possible [branch:true]
recipes-plugins-dep/kxstudio-lv2-extensions/kxstudio-lv2-extensions.bb:1:error:oelint.var.mandatoryvar.DESCRIPTION:Variable 'DESCRIPTION' should be set [branch:true]
recipes-plugins-dep/kxstudio-lv2-extensions/kxstudio-lv2-extensions.bb:1:error:oelint.var.mandatoryvar.HOMEPAGE:Variable 'HOMEPAGE' should be set [branch:true]
recipes-plugins-dep/kxstudio-lv2-extensions/kxstudio-lv2-extensions.bb:1:error:oelint.var.mandatoryvar.SUMMARY:Variable 'SUMMARY' should be set [branch:true]
recipes-plugins-dep/kxstudio-lv2-extensions/kxstudio-lv2-extensions.bb:1:info:oelint.var.suggestedvar.BUGTRACKER:Variable 'BUGTRACKER' should be set [branch:true]
recipes-plugins-dep/kxstudio-lv2-extensions/kxstudio-lv2-extensions.bb:1:info:oelint.var.suggestedvar.CVE_PRODUCT:Variable 'CVE_PRODUCT' should be set [branch:true]
recipes-plugins-dep/kxstudio-lv2-extensions/kxstudio-lv2-extensions.bb:1:info:oelint.var.suggestedvar.SECTION:Variable 'SECTION' should be set [branch:true]
recipes-plugins-dep/kxstudio-lv2-extensions/kxstudio-lv2-extensions.bb:5:error:oelint.vars.unpackdir:Use ${UNPACKDIR} instead of ${WORKDIR} [branch:true]
recipes-plugins-dep/kxstudio-lv2-extensions/kxstudio-lv2-extensions.bb:7:warning:oelint.var.order.SRC_URI:'SRC_URI' should be placed before 'S' [branch:true]
recipes-plugins-dep/kxstudio-lv2-extensions/kxstudio-lv2-extensions.bb:10:warning:oelint.vars.spacesassignment:Suggest spaces around assignment. E.g. 'FOO = "BAR"' [branch:true]
recipes-plugins-dep/kxstudio-lv2-extensions/kxstudio-lv2-extensions.bb:16:warning:oelint.var.order.DEPENDS:'DEPENDS' should be placed before 'SRCREV' [branch:true]
recipes-plugins-dep/kxstudio-lv2-extensions/kxstudio-lv2-extensions.bb:22:warning:oelint.var.order.FILES:'FILES' should be placed before 'RDEPENDS' [branch:true]
recipes-plugins-dep/lapack/lapack_3.7.0.bb:1:info:oelint.var.bbclassextend:BBCLASSEXTEND should be set if possible [branch:true]
recipes-plugins-dep/lapack/lapack_3.7.0.bb:1:error:oelint.var.mandatoryvar.DESCRIPTION:Variable 'DESCRIPTION' should be set [branch:true]
recipes-plugins-dep/lapack/lapack_3.7.0.bb:1:error:oelint.var.mandatoryvar.HOMEPAGE:Variable 'HOMEPAGE' should be set [branch:true]
recipes-plugins-dep/lapack/lapack_3.7.0.bb:1:info:oelint.var.suggestedvar.BUGTRACKER:Variable 'BUGTRACKER' should be set [branch:true]
recipes-plugins-dep/lapack/lapack_3.7.0.bb:1:info:oelint.var.suggestedvar.CVE_PRODUCT:Variable 'CVE_PRODUCT' should be set [branch:true]
recipes-plugins-dep/lapack/lapack_3.7.0.bb:1:info:oelint.var.suggestedvar.SECTION:Variable 'SECTION' should be set [branch:true]
recipes-plugins-dep/lapack/lapack_3.7.0.bb:2:warning:oelint.vars.mispell.unknown:'URL' is unknown. Consider adding it via --constantmods [branch:true]
recipes-plugins-dep/lapack/lapack_3.7.0.bb:11:error:oelint.vars.srcurichecksum:md5sum is deprecated. It can be removed. [branch:true]
recipes-plugins-dep/lapack/lapack_3.7.0.bb:14:warning:oelint.vars.srcurioptions:Option 'md5' is not known with this fetcher type [branch:true]
recipes-plugins-dep/lapack/lapack_3.7.0.bb:15:warning:oelint.file.patchsignedoff:Patch '001-SRC_Makefile.patch' should contain a Signed-off-by entry [branch:true]
recipes-plugins-dep/lapack/lapack_3.7.0.bb:15:info:oelint.file.upstreamstatus:Patch '001-SRC_Makefile.patch' should contain an Upstream-Status entry [branch:true]
recipes-plugins-dep/lapack/lapack_3.7.0.bb:15:warning:oelint.vars.srcurioptions:Option 'md5' is not known with this fetcher type [branch:true]
recipes-plugins-dep/lapack/lapack_3.7.0.bb:16:warning:oelint.file.patchsignedoff:Patch '002-SRC_BLAS_Makefile.patch' should contain a Signed-off-by entry [branch:true]
recipes-plugins-dep/lapack/lapack_3.7.0.bb:16:info:oelint.file.upstreamstatus:Patch '002-SRC_BLAS_Makefile.patch' should contain an Upstream-Status entry [branch:true]
recipes-plugins-dep/lapack/lapack_3.7.0.bb:16:warning:oelint.vars.srcurioptions:Option 'md5' is not known with this fetcher type [branch:true]
recipes-plugins-dep/lapack/lapack_3.7.0.bb:29:warning:oelint.var.order.PACKAGES:'PACKAGES' should be placed before 'FILES' [branch:true]
recipes-plugins-dep/lapack/lapack_3.7.0.bb:30:warning:oelint.var.filesoverride:'FILES' should not be overridden [branch:true]
recipes-plugins-dep/liblo/liblo.bb:1:error:oelint.file.underscores:Filename should contain at least one '_' in the end [branch:true]
recipes-plugins-dep/liblo/liblo.bb:1:info:oelint.var.bbclassextend:BBCLASSEXTEND should be set if possible [branch:true]
recipes-plugins-dep/liblo/liblo.bb:1:error:oelint.var.mandatoryvar.DESCRIPTION:Variable 'DESCRIPTION' should be set [branch:true]
recipes-plugins-dep/liblo/liblo.bb:1:info:oelint.var.suggestedvar.BUGTRACKER:Variable 'BUGTRACKER' should be set [branch:true]
recipes-plugins-dep/liblo/liblo.bb:1:info:oelint.var.suggestedvar.CVE_PRODUCT:Variable 'CVE_PRODUCT' should be set [branch:true]
recipes-plugins-dep/liblo/liblo.bb:1:info:oelint.var.suggestedvar.SECTION:Variable 'SECTION' should be set [branch:true]
recipes-plugins-dep/liblo/liblo.bb:10:warning:oelint.file.patchsignedoff:Patch '01-initialize_message_vals.patch' should contain a Signed-off-by entry [branch:true]
recipes-plugins-dep/liblo/liblo.bb:10:info:oelint.file.upstreamstatus:Patch '01-initialize_message_vals.patch' should contain an Upstream-Status entry [branch:true]
recipes-plugins-dep/liblo/liblo.bb:10:warning:oelint.var.order.SRC_URI:'SRC_URI' should be placed before 'EXTRA_OECONF' [branch:true]
recipes-plugins-dep/liblo/liblo.bb:14:error:oelint.vars.srcurichecksum:md5sum is deprecated. It can be removed. [branch:true]
recipes-plugins-dep/liblo/liblo.bb:16:warning:oelint.var.order.PV:'PV' should be placed before 'SRC_URI' [branch:true]
recipes-plugins-dep/lilv/lilv.bb:1:error:oelint.file.underscores:Filename should contain at least one '_' in the end [branch:true]
recipes-plugins-dep/lilv/lilv.bb:1:info:oelint.var.bbclassextend:BBCLASSEXTEND should be set if possible [branch:true]
recipes-plugins-dep/lilv/lilv.bb:1:error:oelint.var.mandatoryvar.DESCRIPTION:Variable 'DESCRIPTION' should be set [branch:true]
recipes-plugins-dep/lilv/lilv.bb:1:info:oelint.var.suggestedvar.BUGTRACKER:Variable 'BUGTRACKER' should be set [branch:true]
recipes-plugins-dep/lilv/lilv.bb:1:info:oelint.var.suggestedvar.CVE_PRODUCT:Variable 'CVE_PRODUCT' should be set [branch:true]
recipes-plugins-dep/lilv/lilv.bb:1:info:oelint.var.suggestedvar.SECTION:Variable 'SECTION' should be set [branch:true]
recipes-plugins-dep/lilv/lilv.bb:5:warning:oelint.vars.fileextrapaths:'FILESEXTRAPATHS' should be used only in a bbappend file [branch:true]
recipes-plugins-dep/lilv/lilv.bb:5:warning:oelint.vars.outofcontext:FILESEXTRAPATHS should be only set in bbappend(s) [branch:true]
recipes-plugins-dep/lilv/lilv.bb:13:warning:oelint.file.patchsignedoff:Patch '02_mod-version-compare.patch' should contain a Signed-off-by entry [branch:true]
recipes-plugins-dep/lilv/lilv.bb:13:warning:oelint.file.patchsignedoff:Patch '01_optional-skip-state-properties.patch' should contain a Signed-off-by entry [branch:true]
recipes-plugins-dep/lilv/lilv.bb:13:info:oelint.file.upstreamstatus:Patch '02_mod-version-compare.patch' should contain an Upstream-Status entry [branch:true]
recipes-plugins-dep/lilv/lilv.bb:13:info:oelint.file.upstreamstatus:Patch '01_optional-skip-state-properties.patch' should contain an Upstream-Status entry [branch:true]
recipes-plugins-dep/lilv/lilv.bb:18:warning:oelint.vars.spacesassignment:Suggest spaces around assignment. E.g. 'FOO = "BAR"' [branch:true]
recipes-plugins-dep/lilv/lilv.bb:20:error:oelint.vars.unpackdir:Use ${UNPACKDIR} instead of ${WORKDIR} [branch:true]
recipes-plugins-dep/lv2-ttl-generator-native/lv2-ttl-generator-native.bb:1:error:oelint.file.underscores:Filename should contain at least one '_' in the end [branch:true]
recipes-plugins-dep/lv2-ttl-generator-native/lv2-ttl-generator-native.bb:1:info:oelint.var.suggestedvar.BUGTRACKER:Variable 'BUGTRACKER' should be set [branch:true]
recipes-plugins-dep/lv2-ttl-generator-native/lv2-ttl-generator-native.bb:1:info:oelint.var.suggestedvar.CVE_PRODUCT:Variable 'CVE_PRODUCT' should be set [branch:true]
recipes-plugins-dep/lv2-ttl-generator-native/lv2-ttl-generator-native.bb:2:warning:oelint.vars.descriptiontoobrief:'DESCRIPTION' is shorter than 'SUMMARY' [branch:true]
recipes-plugins-dep/lv2-ttl-generator-native/lv2-ttl-generator-native.bb:3:warning:oelint.vars.homepageping:'HOMEPAGE' isn't reachable [branch:true]
recipes-plugins-dep/lv2-ttl-generator-native/lv2-ttl-generator-native.bb:3:warning:oelint.vars.homepageprefix:'HOMEPAGE' should start with 'http://' or 'https://' [branch:true]
recipes-plugins-dep/lv2-ttl-generator-native/lv2-ttl-generator-native.bb:7:warning:oelint.vars.fileextrapaths:'FILESEXTRAPATHS' should be used only in a bbappend file [branch:true]
recipes-plugins-dep/lv2-ttl-generator-native/lv2-ttl-generator-native.bb:7:warning:oelint.vars.outofcontext:FILESEXTRAPATHS should be only set in bbappend(s) [branch:true]
recipes-plugins-dep/lv2-ttl-generator-native/lv2-ttl-generator-native.bb:11:warning:oelint.var.inheritdevtool.native:It is better to use inherit_defer for native, to enable proper devtool integration [branch:true]
recipes-plugins-dep/lv2/lv2.bb:1:error:oelint.file.underscores:Filename should contain at least one '_' in the end [branch:true]
recipes-plugins-dep/lv2/lv2.bb:1:info:oelint.var.bbclassextend:BBCLASSEXTEND should be set if possible [branch:true]
recipes-plugins-dep/lv2/lv2.bb:1:error:oelint.var.mandatoryvar.DESCRIPTION:Variable 'DESCRIPTION' should be set [branch:true]
recipes-plugins-dep/lv2/lv2.bb:1:error:oelint.var.mandatoryvar.HOMEPAGE:Variable 'HOMEPAGE' should be set [branch:true]
recipes-plugins-dep/lv2/lv2.bb:1:info:oelint.var.suggestedvar.BUGTRACKER:Variable 'BUGTRACKER' should be set [branch:true]
recipes-plugins-dep/lv2/lv2.bb:1:info:oelint.var.suggestedvar.CVE_PRODUCT:Variable 'CVE_PRODUCT' should be set [branch:true]
recipes-plugins-dep/lv2/lv2.bb:1:info:oelint.var.suggestedvar.SECTION:Variable 'SECTION' should be set [branch:true]
recipes-plugins-dep/lv2/lv2.bb:8:warning:oelint.var.order.DEPENDS:'DEPENDS' should be placed before 'EXTRA_OECONF' [branch:true]
recipes-plugins-dep/lv2/lv2.bb:8:error:oelint.vars.dependsappend:DEPENDS should only be appended, not overwritten after an include or inherit [branch:true]
recipes-plugins-dep/lv2/lv2.inc:4:warning:oelint.vars.fileextrapaths:'FILESEXTRAPATHS' should be used only in a bbappend file [branch:true]
recipes-plugins-dep/lv2/lv2.inc:4:warning:oelint.vars.outofcontext:FILESEXTRAPATHS should be only set in bbappend(s) but is used in /home/damnick/src/nxp/imx-yocto-bsp/meta-moddevices-contrib/recipes-plugins-dep/lv2/lv2.bb,/home/damnick/src/nxp/imx-yocto-bsp/meta-moddevices-contrib/recipes-plugins-dep/lv2/lv2.inc [branch:true]
recipes-plugins-dep/lv2/lv2.inc:7:warning:oelint.file.patchsignedoff:Patch '03_lv2-validate-without-example-plugins.patch' should contain a Signed-off-by entry [branch:true]
recipes-plugins-dep/lv2/lv2.inc:7:warning:oelint.file.patchsignedoff:Patch '01_plugin-is-project.patch' should contain a Signed-off-by entry [branch:true]
recipes-plugins-dep/lv2/lv2.inc:7:warning:oelint.file.patchsignedoff:Patch '02_lv2-validate-prefix.patch' should contain a Signed-off-by entry [branch:true]
recipes-plugins-dep/lv2/lv2.inc:7:info:oelint.file.upstreamstatus:Patch '02_lv2-validate-prefix.patch' should contain an Upstream-Status entry [branch:true]
recipes-plugins-dep/lv2/lv2.inc:7:info:oelint.file.upstreamstatus:Patch '03_lv2-validate-without-example-plugins.patch' should contain an Upstream-Status entry [branch:true]
recipes-plugins-dep/lv2/lv2.inc:7:info:oelint.file.upstreamstatus:Patch '01_plugin-is-project.patch' should contain an Upstream-Status entry [branch:true]
recipes-plugins-dep/lv2/lv2.inc:13:error:oelint.vars.srcurichecksum:md5sum is deprecated. It can be removed. [branch:true]
recipes-plugins-dep/lvtk-1/lvtk-1_git.bb:1:info:oelint.var.bbclassextend:BBCLASSEXTEND should be set if possible [branch:true]
recipes-plugins-dep/lvtk-1/lvtk-1_git.bb:1:error:oelint.var.mandatoryvar.HOMEPAGE:Variable 'HOMEPAGE' should be set [branch:true]
recipes-plugins-dep/lvtk-1/lvtk-1_git.bb:1:info:oelint.var.suggestedvar.BUGTRACKER:Variable 'BUGTRACKER' should be set [branch:true]
recipes-plugins-dep/lvtk-1/lvtk-1_git.bb:1:info:oelint.var.suggestedvar.CVE_PRODUCT:Variable 'CVE_PRODUCT' should be set [branch:true]
recipes-plugins-dep/lvtk-1/lvtk-1_git.bb:11:warning:oelint.vars.spacesassignment:Suggest spaces around assignment. E.g. 'FOO = "BAR"' [branch:true]
recipes-plugins-dep/lvtk-1/lvtk-1_git.bb:13:error:oelint.vars.unpackdir:Use ${UNPACKDIR} instead of ${WORKDIR} [branch:true]
recipes-plugins-dep/lvtk-1/lvtk-1_git.bb:15:warning:oelint.var.order.PV:'PV' should be placed before 'S' [branch:true]
recipes-plugins-dep/lvtk-1/lvtk-1_git.bb:31:warning:oelint.var.order.DEPENDS:'DEPENDS' should be placed before 'PV' [branch:true]
recipes-plugins-dep/lvtk-1/lvtk-1_git.bb:31:error:oelint.vars.dependsappend:DEPENDS should only be appended, not overwritten after an include or inherit [branch:true]
recipes-plugins-dep/lvtk-1/lvtk-1_git.bb:42:warning:oelint.var.filesoverride:'FILES' should not be overridden [branch:true]
recipes-plugins-dep/lvtk-1/lvtk-1_git.bb:42:warning:oelint.var.order.FILES:'FILES' should be placed before 'RPROVIDES' [branch:true]
recipes-plugins-dep/lvtk/lvtk_git.bb:1:info:oelint.var.bbclassextend:BBCLASSEXTEND should be set if possible [branch:true]
recipes-plugins-dep/lvtk/lvtk_git.bb:1:error:oelint.var.mandatoryvar.HOMEPAGE:Variable 'HOMEPAGE' should be set [branch:true]
recipes-plugins-dep/lvtk/lvtk_git.bb:1:info:oelint.var.suggestedvar.BUGTRACKER:Variable 'BUGTRACKER' should be set [branch:true]
recipes-plugins-dep/lvtk/lvtk_git.bb:1:info:oelint.var.suggestedvar.CVE_PRODUCT:Variable 'CVE_PRODUCT' should be set [branch:true]
recipes-plugins-dep/lvtk/lvtk_git.bb:11:warning:oelint.vars.spacesassignment:Suggest spaces around assignment. E.g. 'FOO = "BAR"' [branch:true]
recipes-plugins-dep/lvtk/lvtk_git.bb:13:error:oelint.vars.unpackdir:Use ${UNPACKDIR} instead of ${WORKDIR} [branch:true]
recipes-plugins-dep/lvtk/lvtk_git.bb:15:warning:oelint.var.order.PV:'PV' should be placed before 'S' [branch:true]
recipes-plugins-dep/lvtk/lvtk_git.bb:27:warning:oelint.var.order.DEPENDS:'DEPENDS' should be placed before 'EXTRA_OECONF' [branch:true]
recipes-plugins-dep/lvtk/lvtk_git.bb:27:error:oelint.vars.dependsappend:DEPENDS should only be appended, not overwritten after an include or inherit [branch:true]
recipes-plugins-dep/lvtk/lvtk_git.bb:38:warning:oelint.var.filesoverride:'FILES' should not be overridden [branch:true]
recipes-plugins-dep/lvtk/lvtk_git.bb:38:warning:oelint.var.order.FILES:'FILES' should be placed before 'RPROVIDES' [branch:true]
recipes-plugins-dep/mod-lv2-extensions/mod-lv2-extensions.bb:1:error:oelint.file.underscores:Filename should contain at least one '_' in the end [branch:true]
recipes-plugins-dep/mod-lv2-extensions/mod-lv2-extensions.bb:1:info:oelint.var.bbclassextend:BBCLASSEXTEND should be set if possible [branch:true]
recipes-plugins-dep/mod-lv2-extensions/mod-lv2-extensions.bb:1:error:oelint.var.mandatoryvar.DESCRIPTION:Variable 'DESCRIPTION' should be set [branch:true]
recipes-plugins-dep/mod-lv2-extensions/mod-lv2-extensions.bb:1:error:oelint.var.mandatoryvar.HOMEPAGE:Variable 'HOMEPAGE' should be set [branch:true]
recipes-plugins-dep/mod-lv2-extensions/mod-lv2-extensions.bb:1:error:oelint.var.mandatoryvar.SUMMARY:Variable 'SUMMARY' should be set [branch:true]
recipes-plugins-dep/mod-lv2-extensions/mod-lv2-extensions.bb:1:info:oelint.var.suggestedvar.BUGTRACKER:Variable 'BUGTRACKER' should be set [branch:true]
recipes-plugins-dep/mod-lv2-extensions/mod-lv2-extensions.bb:1:info:oelint.var.suggestedvar.CVE_PRODUCT:Variable 'CVE_PRODUCT' should be set [branch:true]
recipes-plugins-dep/mod-lv2-extensions/mod-lv2-extensions.bb:1:info:oelint.var.suggestedvar.SECTION:Variable 'SECTION' should be set [branch:true]
recipes-plugins-dep/mod-lv2-extensions/mod-lv2-extensions.bb:4:warning:oelint.vars.fileextrapaths:'FILESEXTRAPATHS' should be used only in a bbappend file [branch:true]
recipes-plugins-dep/mod-lv2-extensions/mod-lv2-extensions.bb:4:warning:oelint.vars.outofcontext:FILESEXTRAPATHS should be only set in bbappend(s) [branch:true]
recipes-plugins-dep/mod-lv2-extensions/mod-lv2-extensions.bb:6:error:oelint.vars.unpackdir:Use ${UNPACKDIR} instead of ${WORKDIR} [branch:true]
recipes-plugins-dep/mod-lv2-extensions/mod-lv2-extensions.bb:8:warning:oelint.file.patchsignedoff:Patch '01_add-makefile.patch' should contain a Signed-off-by entry [branch:true]
recipes-plugins-dep/mod-lv2-extensions/mod-lv2-extensions.bb:8:info:oelint.file.upstreamstatus:Patch '01_add-makefile.patch' should contain an Upstream-Status entry [branch:true]
recipes-plugins-dep/mod-lv2-extensions/mod-lv2-extensions.bb:8:warning:oelint.var.order.SRC_URI:'SRC_URI' should be placed before 'S' [branch:true]
recipes-plugins-dep/mod-lv2-extensions/mod-lv2-extensions.bb:12:warning:oelint.vars.spacesassignment:Suggest spaces around assignment. E.g. 'FOO = "BAR"' [branch:true]
recipes-plugins-dep/mod-lv2-extensions/mod-lv2-extensions.bb:18:warning:oelint.var.order.DEPENDS:'DEPENDS' should be placed before 'SRCREV' [branch:true]
recipes-plugins-dep/mod-lv2-extensions/mod-lv2-extensions.bb:24:warning:oelint.var.order.FILES:'FILES' should be placed before 'RDEPENDS' [branch:true]
recipes-plugins-dep/mxml/mxml.bb:1:error:oelint.file.underscores:Filename should contain at least one '_' in the end [branch:true]
recipes-plugins-dep/mxml/mxml.bb:1:info:oelint.var.bbclassextend:BBCLASSEXTEND should be set if possible [branch:true]
recipes-plugins-dep/mxml/mxml.bb:1:error:oelint.var.mandatoryvar.DESCRIPTION:Variable 'DESCRIPTION' should be set [branch:true]
recipes-plugins-dep/mxml/mxml.bb:1:error:oelint.var.mandatoryvar.HOMEPAGE:Variable 'HOMEPAGE' should be set [branch:true]
recipes-plugins-dep/mxml/mxml.bb:1:error:oelint.var.mandatoryvar.SUMMARY:Variable 'SUMMARY' should be set [branch:true]
recipes-plugins-dep/mxml/mxml.bb:1:info:oelint.var.suggestedvar.BUGTRACKER:Variable 'BUGTRACKER' should be set [branch:true]
recipes-plugins-dep/mxml/mxml.bb:1:info:oelint.var.suggestedvar.CVE_PRODUCT:Variable 'CVE_PRODUCT' should be set [branch:true]
recipes-plugins-dep/mxml/mxml.bb:1:info:oelint.var.suggestedvar.SECTION:Variable 'SECTION' should be set [branch:true]
recipes-plugins-dep/mxml/mxml.bb:4:warning:oelint.vars.fileextrapaths:'FILESEXTRAPATHS' should be used only in a bbappend file [branch:true]
recipes-plugins-dep/mxml/mxml.bb:4:warning:oelint.vars.outofcontext:FILESEXTRAPATHS should be only set in bbappend(s) [branch:true]
recipes-plugins-dep/mxml/mxml.bb:8:error:oelint.vars.insaneskip:INSANE_SKIP should be avoided at any cost [branch:true]
recipes-plugins-dep/mxml/mxml.bb:9:error:oelint.vars.insaneskip:INSANE_SKIP should be avoided at any cost [branch:true]
recipes-plugins-dep/mxml/mxml.bb:20:info:oelint.file.upstreamstatus:Patch '0001-fix-cross-target-installation.patch' should contain an Upstream-Status entry [branch:true]
recipes-plugins-dep/mxml/mxml.bb:24:error:oelint.vars.srcurichecksum:md5sum is deprecated. It can be removed. [branch:true]
recipes-plugins-dep/mxml/mxml.bb:27:error:oelint.vars.unpackdir:Use ${UNPACKDIR} instead of ${WORKDIR} [branch:true]
recipes-plugins-dep/mxml/mxml.bb:47:warning:oelint.var.order.DEPENDS:'DEPENDS' should be placed before 'S' [branch:true]
recipes-plugins-dep/mxml/mxml.bb:47:error:oelint.vars.dependsappend:DEPENDS should only be appended, not overwritten after an include or inherit [branch:true]
recipes-plugins-dep/mxml/mxml.bb:50:warning:oelint.var.filesoverride:'FILES' should not be overridden [branch:true]
recipes-plugins-dep/rtneural/rtneural.bb:1:error:oelint.file.underscores:Filename should contain at least one '_' in the end [branch:true]
recipes-plugins-dep/rtneural/rtneural.bb:1:info:oelint.var.bbclassextend:BBCLASSEXTEND should be set if possible [branch:true]
recipes-plugins-dep/rtneural/rtneural.bb:1:error:oelint.var.mandatoryvar.DESCRIPTION:Variable 'DESCRIPTION' should be set [branch:true]
recipes-plugins-dep/rtneural/rtneural.bb:1:error:oelint.var.mandatoryvar.HOMEPAGE:Variable 'HOMEPAGE' should be set [branch:true]
recipes-plugins-dep/rtneural/rtneural.bb:1:info:oelint.var.suggestedvar.BUGTRACKER:Variable 'BUGTRACKER' should be set [branch:true]
recipes-plugins-dep/rtneural/rtneural.bb:1:info:oelint.var.suggestedvar.CVE_PRODUCT:Variable 'CVE_PRODUCT' should be set [branch:true]
recipes-plugins-dep/rtneural/rtneural.bb:1:info:oelint.var.suggestedvar.SECTION:Variable 'SECTION' should be set [branch:true]
recipes-plugins-dep/rtneural/rtneural.bb:2:warning:oelint.vars.mispell.unknown:'URL' is unknown. Consider adding it via --constantmods [branch:true]
recipes-plugins-dep/rtneural/rtneural.bb:13:warning:oelint.vars.spacesassignment:Suggest spaces around assignment. E.g. 'FOO = "BAR"' [branch:true]
recipes-plugins-dep/rtneural/rtneural.bb:15:error:oelint.vars.unpackdir:Use ${UNPACKDIR} instead of ${WORKDIR} [branch:true]
recipes-plugins-dep/rtneural/rtneural.bb:36:warning:oelint.vars.filessetting.double:${includedir} is already set by default or in this recipe [branch:true]
recipes-plugins-dep/serd/serd_git.bb:1:info:oelint.var.bbclassextend:BBCLASSEXTEND should be set if possible [branch:true]
recipes-plugins-dep/serd/serd_git.bb:1:error:oelint.var.mandatoryvar.DESCRIPTION:Variable 'DESCRIPTION' should be set [branch:true]
recipes-plugins-dep/serd/serd_git.bb:1:info:oelint.var.suggestedvar.BUGTRACKER:Variable 'BUGTRACKER' should be set [branch:true]
recipes-plugins-dep/serd/serd_git.bb:1:info:oelint.var.suggestedvar.CVE_PRODUCT:Variable 'CVE_PRODUCT' should be set [branch:true]
recipes-plugins-dep/serd/serd_git.bb:1:info:oelint.var.suggestedvar.SECTION:Variable 'SECTION' should be set [branch:true]
recipes-plugins-dep/serd/serd_git.bb:8:warning:oelint.file.patchsignedoff:Patch '01_bypass-strict-separator-check.patch' should contain a Signed-off-by entry [branch:true]
recipes-plugins-dep/serd/serd_git.bb:8:info:oelint.file.upstreamstatus:Patch '01_bypass-strict-separator-check.patch' should contain an Upstream-Status entry [branch:true]
recipes-plugins-dep/serd/serd_git.bb:12:warning:oelint.vars.spacesassignment:Suggest spaces around assignment. E.g. 'FOO = "BAR"' [branch:true]
recipes-plugins-dep/serd/serd_git.bb:14:error:oelint.vars.unpackdir:Use ${UNPACKDIR} instead of ${WORKDIR} [branch:true]
recipes-plugins-dep/serd/serd_git.bb:16:warning:oelint.var.order.PV:'PV' should be placed before 'S' [branch:true]
recipes-plugins-dep/sord/sord_git.bb:1:info:oelint.var.bbclassextend:BBCLASSEXTEND should be set if possible [branch:true]
recipes-plugins-dep/sord/sord_git.bb:1:error:oelint.var.mandatoryvar.DESCRIPTION:Variable 'DESCRIPTION' should be set [branch:true]
recipes-plugins-dep/sord/sord_git.bb:1:info:oelint.var.suggestedvar.BUGTRACKER:Variable 'BUGTRACKER' should be set [branch:true]
recipes-plugins-dep/sord/sord_git.bb:1:info:oelint.var.suggestedvar.CVE_PRODUCT:Variable 'CVE_PRODUCT' should be set [branch:true]
recipes-plugins-dep/sord/sord_git.bb:1:info:oelint.var.suggestedvar.SECTION:Variable 'SECTION' should be set [branch:true]
recipes-plugins-dep/sord/sord_git.bb:13:warning:oelint.vars.spacesassignment:Suggest spaces around assignment. E.g. 'FOO = "BAR"' [branch:true]
recipes-plugins-dep/sord/sord_git.bb:15:error:oelint.vars.unpackdir:Use ${UNPACKDIR} instead of ${WORKDIR} [branch:true]
recipes-plugins-dep/sord/sord_git.bb:17:warning:oelint.var.order.PV:'PV' should be placed before 'S' [branch:true]
recipes-plugins-dep/sratom/sratom_git.bb:1:info:oelint.var.bbclassextend:BBCLASSEXTEND should be set if possible [branch:true]
recipes-plugins-dep/sratom/sratom_git.bb:1:error:oelint.var.mandatoryvar.DESCRIPTION:Variable 'DESCRIPTION' should be set [branch:true]
recipes-plugins-dep/sratom/sratom_git.bb:1:info:oelint.var.suggestedvar.BUGTRACKER:Variable 'BUGTRACKER' should be set [branch:true]
recipes-plugins-dep/sratom/sratom_git.bb:1:info:oelint.var.suggestedvar.CVE_PRODUCT:Variable 'CVE_PRODUCT' should be set [branch:true]
recipes-plugins-dep/sratom/sratom_git.bb:1:info:oelint.var.suggestedvar.SECTION:Variable 'SECTION' should be set [branch:true]
recipes-plugins-dep/sratom/sratom_git.bb:13:warning:oelint.vars.spacesassignment:Suggest spaces around assignment. E.g. 'FOO = "BAR"' [branch:true]
recipes-plugins-dep/sratom/sratom_git.bb:15:error:oelint.vars.unpackdir:Use ${UNPACKDIR} instead of ${WORKDIR} [branch:true]
recipes-plugins-dep/sratom/sratom_git.bb:17:warning:oelint.var.order.PV:'PV' should be placed before 'S' [branch:true]
recipes-plugins-dep/xsimd/xsimd.bb:1:error:oelint.file.underscores:Filename should contain at least one '_' in the end [branch:true]
recipes-plugins-dep/xsimd/xsimd.bb:1:info:oelint.var.bbclassextend:BBCLASSEXTEND should be set if possible [branch:true]
recipes-plugins-dep/xsimd/xsimd.bb:1:error:oelint.var.mandatoryvar.DESCRIPTION:Variable 'DESCRIPTION' should be set [branch:true]
recipes-plugins-dep/xsimd/xsimd.bb:1:error:oelint.var.mandatoryvar.HOMEPAGE:Variable 'HOMEPAGE' should be set [branch:true]
recipes-plugins-dep/xsimd/xsimd.bb:1:info:oelint.var.suggestedvar.BUGTRACKER:Variable 'BUGTRACKER' should be set [branch:true]
recipes-plugins-dep/xsimd/xsimd.bb:1:info:oelint.var.suggestedvar.CVE_PRODUCT:Variable 'CVE_PRODUCT' should be set [branch:true]
recipes-plugins-dep/xsimd/xsimd.bb:1:info:oelint.var.suggestedvar.SECTION:Variable 'SECTION' should be set [branch:true]
recipes-plugins-dep/xsimd/xsimd.bb:1:warning:oelint.vars.summary80chars:'SUMMARY' should not be longer than 80 characters [branch:true]
recipes-plugins-dep/xsimd/xsimd.bb:2:warning:oelint.vars.mispell.unknown:'URL' is unknown. Consider adding it via --constantmods [branch:true]
recipes-plugins-dep/xsimd/xsimd.bb:11:warning:oelint.vars.spacesassignment:Suggest spaces around assignment. E.g. 'FOO = "BAR"' [branch:true]
recipes-plugins-dep/xsimd/xsimd.bb:13:warning:oelint.var.order.PV:'PV' should be placed before 'SRCREV' [branch:true]
recipes-plugins-dep/xsimd/xsimd.bb:15:error:oelint.vars.unpackdir:Use ${UNPACKDIR} instead of ${WORKDIR} [branch:true]
recipes-plugins-dep/zita-convolver/zita-convolver_3.1.0.bb:1:info:oelint.var.bbclassextend:BBCLASSEXTEND should be set if possible [branch:true]
recipes-plugins-dep/zita-convolver/zita-convolver_3.1.0.bb:1:error:oelint.var.mandatoryvar.DESCRIPTION:Variable 'DESCRIPTION' should be set [branch:true]
recipes-plugins-dep/zita-convolver/zita-convolver_3.1.0.bb:1:info:oelint.var.suggestedvar.BUGTRACKER:Variable 'BUGTRACKER' should be set [branch:true]
recipes-plugins-dep/zita-convolver/zita-convolver_3.1.0.bb:1:info:oelint.var.suggestedvar.CVE_PRODUCT:Variable 'CVE_PRODUCT' should be set [branch:true]
recipes-plugins-dep/zita-convolver/zita-convolver_3.1.0.bb:1:info:oelint.var.suggestedvar.SECTION:Variable 'SECTION' should be set [branch:true]
recipes-plugins-dep/zita-convolver/zita-convolver_3.1.0.bb:8:warning:oelint.vars.dependsordered:'DEPENDS' entries should be ordered alphabetically [branch:true]
recipes-plugins-dep/zita-convolver/zita-convolver_3.1.0.bb:13:warning:oelint.file.patchsignedoff:Patch '01_makefile-changes.patch' should contain a Signed-off-by entry [branch:true]
recipes-plugins-dep/zita-convolver/zita-convolver_3.1.0.bb:13:warning:oelint.file.patchsignedoff:Patch '02_use-ffmpeg.patch' should contain a Signed-off-by entry [branch:true]
recipes-plugins-dep/zita-convolver/zita-convolver_3.1.0.bb:13:info:oelint.file.upstreamstatus:Patch '02_use-ffmpeg.patch' should contain an Upstream-Status entry [branch:true]
recipes-plugins-dep/zita-convolver/zita-convolver_3.1.0.bb:13:info:oelint.file.upstreamstatus:Patch '01_makefile-changes.patch' should contain an Upstream-Status entry [branch:true]
recipes-plugins-dep/zita-convolver/zita-convolver_3.1.0.bb:18:error:oelint.vars.srcurichecksum:md5sum is deprecated. It can be removed. [branch:true]
recipes-plugins-dep/zita-convolver/zita-convolver_4.0.3.bb:1:info:oelint.var.bbclassextend:BBCLASSEXTEND should be set if possible [branch:true]
recipes-plugins-dep/zita-convolver/zita-convolver_4.0.3.bb:1:error:oelint.var.mandatoryvar.DESCRIPTION:Variable 'DESCRIPTION' should be set [branch:true]
recipes-plugins-dep/zita-convolver/zita-convolver_4.0.3.bb:1:info:oelint.var.suggestedvar.BUGTRACKER:Variable 'BUGTRACKER' should be set [branch:true]
recipes-plugins-dep/zita-convolver/zita-convolver_4.0.3.bb:1:info:oelint.var.suggestedvar.CVE_PRODUCT:Variable 'CVE_PRODUCT' should be set [branch:true]
recipes-plugins-dep/zita-convolver/zita-convolver_4.0.3.bb:1:info:oelint.var.suggestedvar.SECTION:Variable 'SECTION' should be set [branch:true]
recipes-plugins-dep/zita-convolver/zita-convolver_4.0.3.bb:8:error:oelint.vars.dependsappend:DEPENDS should only be appended, not overwritten after an include or inherit [branch:true]
recipes-plugins-dep/zita-convolver/zita-convolver_4.0.3.bb:8:warning:oelint.vars.dependsordered:'DEPENDS' entries should be ordered alphabetically [branch:true]
recipes-plugins-dep/zita-convolver/zita-convolver_4.0.3.bb:17:warning:oelint.var.order.SRC_URI:'SRC_URI' should be placed before 'RDEPENDS' [branch:true]
recipes-plugins-dep/zita-convolver/zita-convolver_4.0.3.bb:21:error:oelint.vars.srcurichecksum:md5sum is deprecated. It can be removed. [branch:true]
recipes-plugins-dep/zita-resampler/zita-resampler_1.6.0.bb:1:info:oelint.var.bbclassextend:BBCLASSEXTEND should be set if possible [branch:true]
recipes-plugins-dep/zita-resampler/zita-resampler_1.6.0.bb:1:error:oelint.var.mandatoryvar.DESCRIPTION:Variable 'DESCRIPTION' should be set [branch:true]
recipes-plugins-dep/zita-resampler/zita-resampler_1.6.0.bb:1:info:oelint.var.suggestedvar.BUGTRACKER:Variable 'BUGTRACKER' should be set [branch:true]
recipes-plugins-dep/zita-resampler/zita-resampler_1.6.0.bb:1:info:oelint.var.suggestedvar.CVE_PRODUCT:Variable 'CVE_PRODUCT' should be set [branch:true]
recipes-plugins-dep/zita-resampler/zita-resampler_1.6.0.bb:1:info:oelint.var.suggestedvar.SECTION:Variable 'SECTION' should be set [branch:true]
recipes-plugins-dep/zita-resampler/zita-resampler_1.6.0.bb:17:error:oelint.vars.srcurichecksum:md5sum is deprecated. It can be removed. [branch:true]
recipes-plugins-dep/zita-resampler/zita-resampler_1.6.0.bb:21:warning:oelint.vars.spacesassignment:Suggest spaces around assignment. E.g. 'FOO = "BAR"' [branch:true]
recipes-plugins-dep/zita-resampler/zita-resampler_1.6.0.bb:22:warning:oelint.vars.spacesassignment:Suggest spaces around assignment. E.g. 'FOO = "BAR"' [branch:true]
recipes-plugins-extra/abninjam-lv2/abninjam-lv2.bb:1:error:oelint.file.underscores:Filename should contain at least one '_' in the end [branch:true]
recipes-plugins-extra/abninjam-lv2/abninjam-lv2.bb:1:info:oelint.var.bbclassextend:BBCLASSEXTEND should be set if possible [branch:true]
recipes-plugins-extra/abninjam-lv2/abninjam-lv2.bb:1:error:oelint.var.mandatoryvar.HOMEPAGE:Variable 'HOMEPAGE' should be set [branch:true]
recipes-plugins-extra/abninjam-lv2/abninjam-lv2.bb:1:info:oelint.var.suggestedvar.BUGTRACKER:Variable 'BUGTRACKER' should be set [branch:true]
recipes-plugins-extra/abninjam-lv2/abninjam-lv2.bb:1:info:oelint.var.suggestedvar.CVE_PRODUCT:Variable 'CVE_PRODUCT' should be set [branch:true]
recipes-plugins-extra/abninjam-lv2/abninjam-lv2.bb:2:warning:oelint.vars.descriptiontoobrief:'DESCRIPTION' is shorter than 'SUMMARY' [branch:true]
recipes-plugins-extra/abninjam-lv2/abninjam-lv2.bb:9:warning:oelint.vars.spacesassignment:Suggest spaces around assignment. E.g. 'FOO = "BAR"' [branch:true]
recipes-plugins-extra/abninjam-lv2/abninjam-lv2.bb:11:warning:oelint.vars.srcurioptions:Fetcher 'gitsm' requires option 'branch' or any of 'nobranch,usehead' to be set [branch:true]
recipes-plugins-extra/abninjam-lv2/abninjam-lv2.bb:15:warning:oelint.vars.spacesassignment:Suggest spaces around assignment. E.g. 'FOO = "BAR"' [branch:true]
recipes-plugins-extra/abninjam-lv2/abninjam-lv2.bb:17:error:oelint.vars.unpackdir:Use ${UNPACKDIR} instead of ${WORKDIR} [branch:true]
recipes-plugins-extra/abninjam-lv2/abninjam-lv2.bb:23:warning:oelint.var.order.DEPENDS:'DEPENDS' should be placed before 'S' [branch:true]
recipes-plugins-extra/abninjam-lv2/abninjam-lv2.bb:23:warning:oelint.vars.dependsordered:'DEPENDS' entries should be ordered alphabetically [branch:true]
recipes-plugins-extra/abninjam-lv2/abninjam-lv2.bb:30:warning:oelint.vars.mispell:'TARGET_CC_ARC2H' is unknown, maybe you meant 'TARGET_CC_ARCH' [branch:true]
recipes-plugins-extra/abninjam-lv2/abninjam-lv2.bb:46:warning:oelint.var.filesoverride:'FILES' should not be overridden [branch:true]
recipes-plugins-extra/lenticular-lv2/lenticular-lv2.bb:1:error:oelint.file.underscores:Filename should contain at least one '_' in the end [branch:true]
recipes-plugins-extra/lenticular-lv2/lenticular-lv2.bb:1:info:oelint.var.bbclassextend:BBCLASSEXTEND should be set if possible [branch:true]
recipes-plugins-extra/lenticular-lv2/lenticular-lv2.bb:1:error:oelint.var.mandatoryvar.HOMEPAGE:Variable 'HOMEPAGE' should be set [branch:true]
recipes-plugins-extra/lenticular-lv2/lenticular-lv2.bb:1:info:oelint.var.suggestedvar.BUGTRACKER:Variable 'BUGTRACKER' should be set [branch:true]
recipes-plugins-extra/lenticular-lv2/lenticular-lv2.bb:1:info:oelint.var.suggestedvar.CVE_PRODUCT:Variable 'CVE_PRODUCT' should be set [branch:true]
recipes-plugins-extra/lenticular-lv2/lenticular-lv2.bb:7:error:oelint.vars.insaneskip:INSANE_SKIP should be avoided at any cost [branch:true]
recipes-plugins-extra/lenticular-lv2/lenticular-lv2.bb:11:warning:oelint.file.patchsignedoff:Patch 'fix-typo-makefile.patch' should contain a Signed-off-by entry [branch:true]
recipes-plugins-extra/lenticular-lv2/lenticular-lv2.bb:11:warning:oelint.file.patchsignedoff:Patch 'fix-lv2-includes.patch' should contain a Signed-off-by entry [branch:true]
recipes-plugins-extra/lenticular-lv2/lenticular-lv2.bb:11:info:oelint.file.upstreamstatus:Patch 'fix-typo-makefile.patch' should contain an Upstream-Status entry [branch:true]
recipes-plugins-extra/lenticular-lv2/lenticular-lv2.bb:11:info:oelint.file.upstreamstatus:Patch 'fix-lv2-includes.patch' should contain an Upstream-Status entry [branch:true]
recipes-plugins-extra/lenticular-lv2/lenticular-lv2.bb:16:warning:oelint.vars.spacesassignment:Suggest spaces around assignment. E.g. 'FOO = "BAR"' [branch:true]
recipes-plugins-extra/lenticular-lv2/lenticular-lv2.bb:18:error:oelint.vars.unpackdir:Use ${UNPACKDIR} instead of ${WORKDIR} [branch:true]
recipes-plugins-extra/lenticular-lv2/lenticular-lv2.bb:33:warning:oelint.var.order.DEPENDS:'DEPENDS' should be placed before 'S' [branch:true]
recipes-plugins-extra/lenticular-lv2/lenticular-lv2.bb:33:warning:oelint.vars.dependsordered:'DEPENDS' entries should be ordered alphabetically [branch:true]
recipes-plugins-extra/lenticular-lv2/lenticular-lv2.bb:38:warning:oelint.var.filesoverride:'FILES' should not be overridden [branch:true]
recipes-plugins-extra/pitchtomidi-lv2/pitchtomidi-lv2.bb:1:error:oelint.file.underscores:Filename should contain at least one '_' in the end [branch:true]
recipes-plugins-extra/pitchtomidi-lv2/pitchtomidi-lv2.bb:1:info:oelint.var.bbclassextend:BBCLASSEXTEND should be set if possible [branch:true]
recipes-plugins-extra/pitchtomidi-lv2/pitchtomidi-lv2.bb:1:error:oelint.var.mandatoryvar.HOMEPAGE:Variable 'HOMEPAGE' should be set [branch:true]
recipes-plugins-extra/pitchtomidi-lv2/pitchtomidi-lv2.bb:1:info:oelint.var.suggestedvar.BUGTRACKER:Variable 'BUGTRACKER' should be set [branch:true]
recipes-plugins-extra/pitchtomidi-lv2/pitchtomidi-lv2.bb:1:info:oelint.var.suggestedvar.CVE_PRODUCT:Variable 'CVE_PRODUCT' should be set [branch:true]
recipes-plugins-extra/pitchtomidi-lv2/pitchtomidi-lv2.bb:2:warning:oelint.vars.descriptiontoobrief:'DESCRIPTION' is shorter than 'SUMMARY' [branch:true]
recipes-plugins-extra/pitchtomidi-lv2/pitchtomidi-lv2.bb:9:warning:oelint.vars.spacesassignment:Suggest spaces around assignment. E.g. 'FOO = "BAR"' [branch:true]
recipes-plugins-extra/pitchtomidi-lv2/pitchtomidi-lv2.bb:12:warning:oelint.file.patchsignedoff:Patch '0001-Fixing-shell-command-that-broke-compilation.patch' should contain a Signed-off-by entry [branch:true]
recipes-plugins-extra/pitchtomidi-lv2/pitchtomidi-lv2.bb:12:info:oelint.file.upstreamstatus:Patch '0001-Fixing-shell-command-that-broke-compilation.patch' should contain an Upstream-Status entry [branch:true]
recipes-plugins-extra/pitchtomidi-lv2/pitchtomidi-lv2.bb:16:warning:oelint.vars.spacesassignment:Suggest spaces around assignment. E.g. 'FOO = "BAR"' [branch:true]
recipes-plugins-extra/pitchtomidi-lv2/pitchtomidi-lv2.bb:18:error:oelint.vars.unpackdir:Use ${UNPACKDIR} instead of ${WORKDIR} [branch:true]
recipes-plugins-extra/pitchtomidi-lv2/pitchtomidi-lv2.bb:28:warning:oelint.var.order.DEPENDS:'DEPENDS' should be placed before 'S' [branch:true]
recipes-plugins-extra/pitchtomidi-lv2/pitchtomidi-lv2.bb:32:warning:oelint.var.filesoverride:'FILES' should not be overridden [branch:true]
recipes-plugins-host/mod-host/mod-host.bb:1:error:oelint.file.underscores:Filename should contain at least one '_' in the end [branch:true]
recipes-plugins-host/mod-host/mod-host.bb:1:info:oelint.var.bbclassextend:BBCLASSEXTEND should be set if possible [branch:true]
recipes-plugins-host/mod-host/mod-host.bb:1:error:oelint.var.mandatoryvar.DESCRIPTION:Variable 'DESCRIPTION' should be set [branch:true]
recipes-plugins-host/mod-host/mod-host.bb:1:error:oelint.var.mandatoryvar.HOMEPAGE:Variable 'HOMEPAGE' should be set [branch:true]
recipes-plugins-host/mod-host/mod-host.bb:1:error:oelint.var.mandatoryvar.SUMMARY:Variable 'SUMMARY' should be set [branch:true]
recipes-plugins-host/mod-host/mod-host.bb:1:info:oelint.var.suggestedvar.BUGTRACKER:Variable 'BUGTRACKER' should be set [branch:true]
recipes-plugins-host/mod-host/mod-host.bb:1:info:oelint.var.suggestedvar.CVE_PRODUCT:Variable 'CVE_PRODUCT' should be set [branch:true]
recipes-plugins-host/mod-host/mod-host.bb:1:info:oelint.var.suggestedvar.SECTION:Variable 'SECTION' should be set [branch:true]
recipes-plugins-host/mod-host/mod-host.bb:3:warning:oelint.var.licenseremotefile:License-File should be a remote file [branch:true]
recipes-plugins-host/mod-host/mod-host.bb:5:error:oelint.vars.insaneskip:INSANE_SKIP should be avoided at any cost [branch:true]
recipes-plugins-host/mod-host/mod-host.bb:8:error:oelint.vars.unpackdir:Use ${UNPACKDIR} instead of ${WORKDIR} [branch:true]
recipes-plugins-host/mod-host/mod-host.bb:10:warning:oelint.file.patchsignedoff:Patch '01_fix-libjack-dir.patch' should contain a Signed-off-by entry [branch:true]
recipes-plugins-host/mod-host/mod-host.bb:10:warning:oelint.file.patchsignedoff:Patch '02_connect-all-networks.patch' should contain a Signed-off-by entry [branch:true]
recipes-plugins-host/mod-host/mod-host.bb:10:info:oelint.file.upstreamstatus:Patch '01_fix-libjack-dir.patch' should contain an Upstream-Status entry [branch:true]
recipes-plugins-host/mod-host/mod-host.bb:10:info:oelint.file.upstreamstatus:Patch '02_connect-all-networks.patch' should contain an Upstream-Status entry [branch:true]
recipes-plugins-host/mod-host/mod-host.bb:10:warning:oelint.var.order.SRC_URI:'SRC_URI' should be placed before 'S' [branch:true]
recipes-plugins-host/mod-host/mod-host.bb:15:warning:oelint.vars.spacesassignment:Suggest spaces around assignment. E.g. 'FOO = "BAR"' [branch:true]
recipes-plugins-host/mod-host/mod-host.bb:19:error:oelint.vars.inconspaces:Assignment should be 'VAR:append = " foo"' not 'VAR:append = "foo"' [branch:true]
recipes-plugins-host/mod-host/mod-host.bb:29:warning:oelint.var.order.DEPENDS:'DEPENDS' should be placed before 'SRCREV' [branch:true]
recipes-plugins-host/mod-host/mod-host.bb:29:error:oelint.vars.dependsappend:DEPENDS should only be appended, not overwritten after an include or inherit [branch:true]
recipes-plugins-host/mod-host/mod-host.bb:29:warning:oelint.vars.dependsordered:'DEPENDS' entries should be ordered alphabetically [branch:true]
recipes-plugins-test/lv2bm/lv2bm.bb:1:error:oelint.file.underscores:Filename should contain at least one '_' in the end [branch:true]
recipes-plugins-test/lv2bm/lv2bm.bb:1:info:oelint.var.bbclassextend:BBCLASSEXTEND should be set if possible [branch:true]
recipes-plugins-test/lv2bm/lv2bm.bb:1:error:oelint.var.mandatoryvar.DESCRIPTION:Variable 'DESCRIPTION' should be set [branch:true]
recipes-plugins-test/lv2bm/lv2bm.bb:1:error:oelint.var.mandatoryvar.HOMEPAGE:Variable 'HOMEPAGE' should be set [branch:true]
recipes-plugins-test/lv2bm/lv2bm.bb:1:error:oelint.var.mandatoryvar.SUMMARY:Variable 'SUMMARY' should be set [branch:true]
recipes-plugins-test/lv2bm/lv2bm.bb:1:info:oelint.var.suggestedvar.BUGTRACKER:Variable 'BUGTRACKER' should be set [branch:true]
recipes-plugins-test/lv2bm/lv2bm.bb:1:info:oelint.var.suggestedvar.CVE_PRODUCT:Variable 'CVE_PRODUCT' should be set [branch:true]
recipes-plugins-test/lv2bm/lv2bm.bb:1:info:oelint.var.suggestedvar.SECTION:Variable 'SECTION' should be set [branch:true]
recipes-plugins-test/lv2bm/lv2bm.bb:9:warning:oelint.vars.spacesassignment:Suggest spaces around assignment. E.g. 'FOO = "BAR"' [branch:true]
recipes-plugins-test/lv2bm/lv2bm.bb:11:error:oelint.vars.unpackdir:Use ${UNPACKDIR} instead of ${WORKDIR} [branch:true]
recipes-plugins-test/lv2bm/lv2bm.bb:19:warning:oelint.var.order.DEPENDS:'DEPENDS' should be placed before 'S' [branch:true]
recipes-plugins-test/lv2bm/lv2bm.bb:19:error:oelint.vars.dependsappend:DEPENDS should only be appended, not overwritten after an include or inherit [branch:true]
recipes-plugins-test/lv2bm/lv2bm.bb:19:warning:oelint.vars.dependsordered:'DEPENDS' entries should be ordered alphabetically [branch:true]
recipes-plugins/aidadsp-lv2/aidadsp-lv2.bb:1:error:oelint.file.underscores:Filename should contain at least one '_' in the end [branch:true]
recipes-plugins/aidadsp-lv2/aidadsp-lv2.bb:1:info:oelint.var.bbclassextend:BBCLASSEXTEND should be set if possible [branch:true]
recipes-plugins/aidadsp-lv2/aidadsp-lv2.bb:1:error:oelint.var.mandatoryvar.HOMEPAGE:Variable 'HOMEPAGE' should be set [branch:true]
recipes-plugins/aidadsp-lv2/aidadsp-lv2.bb:1:info:oelint.var.suggestedvar.BUGTRACKER:Variable 'BUGTRACKER' should be set [branch:true]
recipes-plugins/aidadsp-lv2/aidadsp-lv2.bb:1:info:oelint.var.suggestedvar.CVE_PRODUCT:Variable 'CVE_PRODUCT' should be set [branch:true]
recipes-plugins/aidadsp-lv2/aidadsp-lv2.bb:2:warning:oelint.vars.descriptiontoobrief:'DESCRIPTION' is shorter than 'SUMMARY' [branch:true]
recipes-plugins/aidadsp-lv2/aidadsp-lv2.bb:3:warning:oelint.vars.mispell.unknown:'URL' is unknown. Consider adding it via --constantmods [branch:true]
recipes-plugins/aidadsp-lv2/aidadsp-lv2.bb:9:error:oelint.vars.insaneskip:INSANE_SKIP should be avoided at any cost [branch:true]
recipes-plugins/aidadsp-lv2/aidadsp-lv2.bb:15:warning:oelint.vars.spacesassignment:Suggest spaces around assignment. E.g. 'FOO = "BAR"' [branch:true]
recipes-plugins/aidadsp-lv2/aidadsp-lv2.bb:17:warning:oelint.var.order.PV:'PV' should be placed before 'SRCREV' [branch:true]
recipes-plugins/aidadsp-lv2/aidadsp-lv2.bb:19:error:oelint.vars.unpackdir:Use ${UNPACKDIR} instead of ${WORKDIR} [branch:true]
recipes-plugins/aidadsp-lv2/aidadsp-lv2.bb:29:warning:oelint.var.order.DEPENDS:'DEPENDS' should be placed before 'S' [branch:true]
recipes-plugins/aidadsp-lv2/aidadsp-lv2.bb:29:error:oelint.vars.dependsappend:DEPENDS should only be appended, not overwritten after an include or inherit [branch:true]
recipes-plugins/aidadsp-lv2/aidadsp-lv2.bb:33:warning:oelint.var.filesoverride:'FILES' should not be overridden [branch:true]
recipes-plugins/airwindows/airwindows.bb:1:error:oelint.file.underscores:Filename should contain at least one '_' in the end [branch:true]
recipes-plugins/airwindows/airwindows.bb:1:info:oelint.var.bbclassextend:BBCLASSEXTEND should be set if possible [branch:true]
recipes-plugins/airwindows/airwindows.bb:1:info:oelint.var.suggestedvar.BUGTRACKER:Variable 'BUGTRACKER' should be set [branch:true]
recipes-plugins/airwindows/airwindows.bb:1:info:oelint.var.suggestedvar.CVE_PRODUCT:Variable 'CVE_PRODUCT' should be set [branch:true]
recipes-plugins/airwindows/airwindows.bb:6:warning:oelint.var.licenseremotefile:License-File should be a remote file [branch:true]
recipes-plugins/airwindows/airwindows.bb:9:error:oelint.vars.insaneskip:INSANE_SKIP should be avoided at any cost [branch:true]
recipes-plugins/airwindows/airwindows.bb:11:warning:oelint.file.patchsignedoff:Patch '01_optimizations.patch' should contain a Signed-off-by entry [branch:true]
recipes-plugins/airwindows/airwindows.bb:11:info:oelint.file.upstreamstatus:Patch '01_optimizations.patch' should contain an Upstream-Status entry [branch:true]
recipes-plugins/airwindows/airwindows.bb:15:warning:oelint.vars.spacesassignment:Suggest spaces around assignment. E.g. 'FOO = "BAR"' [branch:true]
recipes-plugins/airwindows/airwindows.bb:17:error:oelint.vars.unpackdir:Use ${UNPACKDIR} instead of ${WORKDIR} [branch:true]
recipes-plugins/airwindows/airwindows.bb:27:error:oelint.task.nocopy:'cp' shall not be used in do_install. Use 'install' [branch:true]
recipes-plugins/airwindows/airwindows.bb:37:error:oelint.task.nocopy:'cp' shall not be used in do_install. Use 'install' [branch:true]
recipes-plugins/airwindows/airwindows.bb:38:error:oelint.task.nocopy:'cp' shall not be used in do_install. Use 'install' [branch:true]
recipes-plugins/airwindows/airwindows.bb:41:warning:oelint.var.order.DEPENDS:'DEPENDS' should be placed before 'S' [branch:true]
recipes-plugins/airwindows/airwindows.bb:46:warning:oelint.var.filesoverride:'FILES' should not be overridden [branch:true]
recipes-plugins/alo-lv2/alo-lv2.bb:1:error:oelint.file.underscores:Filename should contain at least one '_' in the end [branch:true]
recipes-plugins/alo-lv2/alo-lv2.bb:1:info:oelint.var.bbclassextend:BBCLASSEXTEND should be set if possible [branch:true]
recipes-plugins/alo-lv2/alo-lv2.bb:1:error:oelint.var.mandatoryvar.HOMEPAGE:Variable 'HOMEPAGE' should be set [branch:true]
recipes-plugins/alo-lv2/alo-lv2.bb:1:info:oelint.var.suggestedvar.BUGTRACKER:Variable 'BUGTRACKER' should be set [branch:true]
recipes-plugins/alo-lv2/alo-lv2.bb:1:info:oelint.var.suggestedvar.CVE_PRODUCT:Variable 'CVE_PRODUCT' should be set [branch:true]
recipes-plugins/alo-lv2/alo-lv2.bb:2:warning:oelint.vars.descriptiontoobrief:'DESCRIPTION' is shorter than 'SUMMARY' [branch:true]
recipes-plugins/alo-lv2/alo-lv2.bb:6:warning:oelint.vars.fileextrapaths:'FILESEXTRAPATHS' should be used only in a bbappend file [branch:true]
recipes-plugins/alo-lv2/alo-lv2.bb:6:warning:oelint.vars.outofcontext:FILESEXTRAPATHS should be only set in bbappend(s) [branch:true]
recipes-plugins/alo-lv2/alo-lv2.bb:10:warning:oelint.vars.spacesassignment:Suggest spaces around assignment. E.g. 'FOO = "BAR"' [branch:true]
recipes-plugins/alo-lv2/alo-lv2.bb:13:warning:oelint.file.patchsignedoff:Patch '0001-Now-log-is-saved-under-tmp.patch' should contain a Signed-off-by entry [branch:true]
recipes-plugins/alo-lv2/alo-lv2.bb:13:info:oelint.file.upstreamstatus:Patch '0001-Now-log-is-saved-under-tmp.patch' should contain an Upstream-Status entry [branch:true]
recipes-plugins/alo-lv2/alo-lv2.bb:17:warning:oelint.vars.spacesassignment:Suggest spaces around assignment. E.g. 'FOO = "BAR"' [branch:true]
recipes-plugins/alo-lv2/alo-lv2.bb:19:error:oelint.vars.unpackdir:Use ${UNPACKDIR} instead of ${WORKDIR} [branch:true]
recipes-plugins/alo-lv2/alo-lv2.bb:43:warning:oelint.var.order.DEPENDS:'DEPENDS' should be placed before 'S' [branch:true]
recipes-plugins/alo-lv2/alo-lv2.bb:43:error:oelint.vars.dependsappend:DEPENDS should only be appended, not overwritten after an include or inherit [branch:true]
recipes-plugins/alo-lv2/alo-lv2.bb:50:warning:oelint.var.filesoverride:'FILES' should not be overridden [branch:true]
recipes-plugins/alo-lv2/alo-lv2.bb:50:warning:oelint.var.order.FILES:'FILES' should be placed before 'RDEPENDS' [branch:true]
recipes-plugins/amsynth/amsynth.bb:1:error:oelint.file.underscores:Filename should contain at least one '_' in the end [branch:true]
recipes-plugins/amsynth/amsynth.bb:1:info:oelint.var.bbclassextend:BBCLASSEXTEND should be set if possible [branch:true]
recipes-plugins/amsynth/amsynth.bb:1:error:oelint.var.mandatoryvar.HOMEPAGE:Variable 'HOMEPAGE' should be set [branch:true]
recipes-plugins/amsynth/amsynth.bb:1:info:oelint.var.suggestedvar.BUGTRACKER:Variable 'BUGTRACKER' should be set [branch:true]
recipes-plugins/amsynth/amsynth.bb:1:info:oelint.var.suggestedvar.CVE_PRODUCT:Variable 'CVE_PRODUCT' should be set [branch:true]
recipes-plugins/amsynth/amsynth.bb:6:warning:oelint.vars.fileextrapaths:'FILESEXTRAPATHS' should be used only in a bbappend file [branch:true]
recipes-plugins/amsynth/amsynth.bb:6:warning:oelint.vars.outofcontext:FILESEXTRAPATHS should be only set in bbappend(s) [branch:true]
recipes-plugins/amsynth/amsynth.bb:11:warning:oelint.file.patchsignedoff:Patch '01_no-gtk-ui.patch' should contain a Signed-off-by entry [branch:true]
recipes-plugins/amsynth/amsynth.bb:11:info:oelint.file.upstreamstatus:Patch '01_no-gtk-ui.patch' should contain an Upstream-Status entry [branch:true]
recipes-plugins/amsynth/amsynth.bb:15:error:oelint.vars.srcurichecksum:md5sum is deprecated. It can be removed. [branch:true]
recipes-plugins/amsynth/amsynth.bb:18:error:oelint.vars.unpackdir:Use ${UNPACKDIR} instead of ${WORKDIR} [branch:true]
recipes-plugins/amsynth/amsynth.bb:37:warning:oelint.var.order.DEPENDS:'DEPENDS' should be placed before 'EXTRA_OECONF' [branch:true]
recipes-plugins/amsynth/amsynth.bb:37:error:oelint.vars.dependsappend:DEPENDS should only be appended, not overwritten after an include or inherit [branch:true]
recipes-plugins/amsynth/amsynth.bb:44:warning:oelint.var.filesoverride:'FILES' should not be overridden [branch:true]
recipes-plugins/amsynth/amsynth.bb:44:warning:oelint.var.order.FILES:'FILES' should be placed before 'RDEPENDS' [branch:true]
recipes-plugins/artyfx/artyfx.bb:1:error:oelint.file.underscores:Filename should contain at least one '_' in the end [branch:true]
recipes-plugins/artyfx/artyfx.bb:1:info:oelint.var.bbclassextend:BBCLASSEXTEND should be set if possible [branch:true]
recipes-plugins/artyfx/artyfx.bb:1:error:oelint.var.mandatoryvar.HOMEPAGE:Variable 'HOMEPAGE' should be set [branch:true]
recipes-plugins/artyfx/artyfx.bb:1:info:oelint.var.suggestedvar.BUGTRACKER:Variable 'BUGTRACKER' should be set [branch:true]
recipes-plugins/artyfx/artyfx.bb:1:info:oelint.var.suggestedvar.CVE_PRODUCT:Variable 'CVE_PRODUCT' should be set [branch:true]
recipes-plugins/artyfx/artyfx.bb:2:warning:oelint.vars.descriptiontoobrief:'DESCRIPTION' is shorter than 'SUMMARY' [branch:true]
recipes-plugins/artyfx/artyfx.bb:6:warning:oelint.vars.fileextrapaths:'FILESEXTRAPATHS' should be used only in a bbappend file [branch:true]
recipes-plugins/artyfx/artyfx.bb:6:warning:oelint.vars.outofcontext:FILESEXTRAPATHS should be only set in bbappend(s) [branch:true]
recipes-plugins/artyfx/artyfx.bb:9:warning:oelint.file.patchsignedoff:Patch '01_build-flags.patch' should contain a Signed-off-by entry [branch:true]
recipes-plugins/artyfx/artyfx.bb:9:info:oelint.file.upstreamstatus:Patch '01_build-flags.patch' should contain an Upstream-Status entry [branch:true]
recipes-plugins/artyfx/artyfx.bb:13:warning:oelint.vars.spacesassignment:Suggest spaces around assignment. E.g. 'FOO = "BAR"' [branch:true]
recipes-plugins/artyfx/artyfx.bb:15:error:oelint.vars.unpackdir:Use ${UNPACKDIR} instead of ${WORKDIR} [branch:true]
recipes-plugins/artyfx/artyfx.bb:33:warning:oelint.var.order.DEPENDS:'DEPENDS' should be placed before 'S' [branch:true]
recipes-plugins/artyfx/artyfx.bb:33:error:oelint.vars.dependsappend:DEPENDS should only be appended, not overwritten after an include or inherit [branch:true]
recipes-plugins/artyfx/artyfx.bb:40:warning:oelint.var.filesoverride:'FILES' should not be overridden [branch:true]
recipes-plugins/artyfx/artyfx.bb:40:warning:oelint.var.order.FILES:'FILES' should be placed before 'RDEPENDS' [branch:true]
recipes-plugins/bolliedelay/bolliedelay.bb:1:error:oelint.file.underscores:Filename should contain at least one '_' in the end [branch:true]
recipes-plugins/bolliedelay/bolliedelay.bb:1:info:oelint.var.bbclassextend:BBCLASSEXTEND should be set if possible [branch:true]
recipes-plugins/bolliedelay/bolliedelay.bb:1:error:oelint.var.mandatoryvar.HOMEPAGE:Variable 'HOMEPAGE' should be set [branch:true]
recipes-plugins/bolliedelay/bolliedelay.bb:1:info:oelint.var.suggestedvar.BUGTRACKER:Variable 'BUGTRACKER' should be set [branch:true]
recipes-plugins/bolliedelay/bolliedelay.bb:1:info:oelint.var.suggestedvar.CVE_PRODUCT:Variable 'CVE_PRODUCT' should be set [branch:true]
recipes-plugins/bolliedelay/bolliedelay.bb:2:warning:oelint.vars.descriptiontoobrief:'DESCRIPTION' is shorter than 'SUMMARY' [branch:true]
recipes-plugins/bolliedelay/bolliedelay.bb:9:warning:oelint.vars.spacesassignment:Suggest spaces around assignment. E.g. 'FOO = "BAR"' [branch:true]
recipes-plugins/bolliedelay/bolliedelay.bb:15:warning:oelint.vars.spacesassignment:Suggest spaces around assignment. E.g. 'FOO = "BAR"' [branch:true]
recipes-plugins/bolliedelay/bolliedelay.bb:17:error:oelint.vars.unpackdir:Use ${UNPACKDIR} instead of ${WORKDIR} [branch:true]
recipes-plugins/bolliedelay/bolliedelay.bb:34:warning:oelint.var.order.DEPENDS:'DEPENDS' should be placed before 'S' [branch:true]
recipes-plugins/bolliedelay/bolliedelay.bb:34:error:oelint.vars.dependsappend:DEPENDS should only be appended, not overwritten after an include or inherit [branch:true]
recipes-plugins/bolliedelay/bolliedelay.bb:41:warning:oelint.var.filesoverride:'FILES' should not be overridden [branch:true]
recipes-plugins/bolliedelay/bolliedelay.bb:41:warning:oelint.var.order.FILES:'FILES' should be placed before 'RDEPENDS' [branch:true]
recipes-plugins/calf/calf.bb:1:error:oelint.file.underscores:Filename should contain at least one '_' in the end [branch:true]
recipes-plugins/calf/calf.bb:1:info:oelint.var.bbclassextend:BBCLASSEXTEND should be set if possible [branch:true]
recipes-plugins/calf/calf.bb:1:error:oelint.var.mandatoryvar.HOMEPAGE:Variable 'HOMEPAGE' should be set [branch:true]
recipes-plugins/calf/calf.bb:1:info:oelint.var.suggestedvar.BUGTRACKER:Variable 'BUGTRACKER' should be set [branch:true]
recipes-plugins/calf/calf.bb:1:info:oelint.var.suggestedvar.CVE_PRODUCT:Variable 'CVE_PRODUCT' should be set [branch:true]
recipes-plugins/calf/calf.bb:2:warning:oelint.vars.descriptiontoobrief:'DESCRIPTION' is shorter than 'SUMMARY' [branch:true]
recipes-plugins/calf/calf.bb:6:warning:oelint.vars.fileextrapaths:'FILESEXTRAPATHS' should be used only in a bbappend file [branch:true]
recipes-plugins/calf/calf.bb:6:warning:oelint.vars.outofcontext:FILESEXTRAPATHS should be only set in bbappend(s) [branch:true]
recipes-plugins/calf/calf.bb:12:warning:oelint.file.patchsignedoff:Patch 'fix-compilation-float-double.patch' should contain a Signed-off-by entry [branch:true]
recipes-plugins/calf/calf.bb:12:info:oelint.file.upstreamstatus:Patch 'fix-compilation-float-double.patch' should contain an Upstream-Status entry [branch:true]
recipes-plugins/calf/calf.bb:12:warning:oelint.vars.srcurioptions:Fetcher 'git' requires option 'branch' or any of 'nobranch,usehead' to be set [branch:true]
recipes-plugins/calf/calf.bb:17:error:oelint.vars.unpackdir:Use ${UNPACKDIR} instead of ${WORKDIR} [branch:true]
recipes-plugins/calf/calf.bb:33:warning:oelint.var.order.DEPENDS:'DEPENDS' should be placed before 'EXTRA_OECONF' [branch:true]
recipes-plugins/calf/calf.bb:33:error:oelint.vars.dependsappend:DEPENDS should only be appended, not overwritten after an include or inherit [branch:true]
recipes-plugins/calf/calf.bb:33:warning:oelint.vars.dependsordered:'DEPENDS' entries should be ordered alphabetically [branch:true]
recipes-plugins/calf/calf.bb:42:warning:oelint.var.filesoverride:'FILES' should not be overridden [branch:true]
recipes-plugins/caps-lv2/caps-lv2.bb:1:error:oelint.file.underscores:Filename should contain at least one '_' in the end [branch:true]
recipes-plugins/caps-lv2/caps-lv2.bb:1:info:oelint.var.bbclassextend:BBCLASSEXTEND should be set if possible [branch:true]
recipes-plugins/caps-lv2/caps-lv2.bb:1:error:oelint.var.mandatoryvar.HOMEPAGE:Variable 'HOMEPAGE' should be set [branch:true]
recipes-plugins/caps-lv2/caps-lv2.bb:1:info:oelint.var.suggestedvar.BUGTRACKER:Variable 'BUGTRACKER' should be set [branch:true]
recipes-plugins/caps-lv2/caps-lv2.bb:1:info:oelint.var.suggestedvar.CVE_PRODUCT:Variable 'CVE_PRODUCT' should be set [branch:true]
recipes-plugins/caps-lv2/caps-lv2.bb:2:warning:oelint.vars.descriptiontoobrief:'DESCRIPTION' is shorter than 'SUMMARY' [branch:true]
recipes-plugins/caps-lv2/caps-lv2.bb:7:error:oelint.vars.insaneskip:INSANE_SKIP should be avoided at any cost [branch:true]
recipes-plugins/caps-lv2/caps-lv2.bb:9:error:oelint.vars.unpackdir:Use ${UNPACKDIR} instead of ${WORKDIR} [branch:true]
recipes-plugins/caps-lv2/caps-lv2.bb:12:warning:oelint.var.order.SRC_URI:'SRC_URI' should be placed before 'S' [branch:true]
recipes-plugins/caps-lv2/caps-lv2.bb:15:warning:oelint.vars.spacesassignment:Suggest spaces around assignment. E.g. 'FOO = "BAR"' [branch:true]
recipes-plugins/caps-lv2/caps-lv2.bb:65:warning:oelint.var.order.DEPENDS:'DEPENDS' should be placed before 'SRCREV' [branch:true]
recipes-plugins/caps-lv2/caps-lv2.bb:69:warning:oelint.var.filesoverride:'FILES' should not be overridden [branch:true]
recipes-plugins/cardinal/cardinal.bb:1:error:oelint.file.underscores:Filename should contain at least one '_' in the end [branch:true]
recipes-plugins/cardinal/cardinal.bb:1:info:oelint.var.bbclassextend:BBCLASSEXTEND should be set if possible [branch:true]
recipes-plugins/cardinal/cardinal.bb:1:error:oelint.var.mandatoryvar.HOMEPAGE:Variable 'HOMEPAGE' should be set [branch:true]
recipes-plugins/cardinal/cardinal.bb:1:info:oelint.var.suggestedvar.BUGTRACKER:Variable 'BUGTRACKER' should be set [branch:true]
recipes-plugins/cardinal/cardinal.bb:1:info:oelint.var.suggestedvar.CVE_PRODUCT:Variable 'CVE_PRODUCT' should be set [branch:true]
recipes-plugins/cardinal/cardinal.bb:2:warning:oelint.vars.descriptiontoobrief:'DESCRIPTION' is shorter than 'SUMMARY' [branch:true]
recipes-plugins/cardinal/cardinal.bb:6:warning:oelint.vars.fileextrapaths:'FILESEXTRAPATHS' should be used only in a bbappend file [branch:true]
recipes-plugins/cardinal/cardinal.bb:6:warning:oelint.vars.outofcontext:FILESEXTRAPATHS should be only set in bbappend(s) [branch:true]
recipes-plugins/cardinal/cardinal.bb:8:error:oelint.vars.insaneskip:INSANE_SKIP should be avoided at any cost [branch:true]
recipes-plugins/cardinal/cardinal.bb:13:warning:oelint.file.patchsignedoff:Patch '0001-Removed-quickjs-dep-needed-by-Aria-Modules.patch' should contain a Signed-off-by entry [branch:true]
recipes-plugins/cardinal/cardinal.bb:13:warning:oelint.file.patchsignedoff:Patch '0003-fix-gcc_struct-error.patch' should contain a Signed-off-by entry [branch:true]
recipes-plugins/cardinal/cardinal.bb:13:warning:oelint.file.patchsignedoff:Patch '0007-fix-quickjs-makefile.patch' should contain a Signed-off-by entry [branch:true]
recipes-plugins/cardinal/cardinal.bb:13:warning:oelint.file.patchsignedoff:Patch '0006-fix-non-present-modgui-graphics.patch' should contain a Signed-off-by entry [branch:true]
recipes-plugins/cardinal/cardinal.bb:13:info:oelint.file.upstreamstatus:Patch '0007-fix-quickjs-makefile.patch' should contain an Upstream-Status entry [branch:true]
recipes-plugins/cardinal/cardinal.bb:13:info:oelint.file.upstreamstatus:Patch '0001-Removed-quickjs-dep-needed-by-Aria-Modules.patch' should contain an Upstream-Status entry [branch:true]
recipes-plugins/cardinal/cardinal.bb:13:info:oelint.file.upstreamstatus:Patch '0003-fix-gcc_struct-error.patch' should contain an Upstream-Status entry [branch:true]
recipes-plugins/cardinal/cardinal.bb:13:info:oelint.file.upstreamstatus:Patch '0006-fix-non-present-modgui-graphics.patch' should contain an Upstream-Status entry [branch:true]
recipes-plugins/cardinal/cardinal.bb:23:error:oelint.vars.srcurichecksum:md5sum is deprecated. It can be removed. [branch:true]
recipes-plugins/cardinal/cardinal.bb:26:error:oelint.vars.unpackdir:Use ${UNPACKDIR} instead of ${WORKDIR} [branch:true]
recipes-plugins/cardinal/cardinal.bb:56:error:oelint.task.nocopy:'cp' shall not be used in do_install. Use 'install' [branch:true]
recipes-plugins/cardinal/cardinal.bb:68:warning:oelint.var.order.DEPENDS:'DEPENDS' should be placed before 'S' [branch:true]
recipes-plugins/cardinal/cardinal.bb:68:warning:oelint.vars.dependsordered:'DEPENDS' entries should be ordered alphabetically [branch:true]
recipes-plugins/cardinal/cardinal.bb:68:warning:oelint.vars.duplicate:Item 'liblo' was added multiple times to DEPENDS [branch:true]
recipes-plugins/cardinal/cardinal.bb:80:warning:oelint.vars.dependsordered:'RDEPENDS' entries should be ordered alphabetically [branch:true]
recipes-plugins/cardinal/cardinal.bb:80:warning:oelint.vars.duplicate:Item 'liblo' was added multiple times to RDEPENDS [branch:true]
recipes-plugins/cardinal/cardinal.bb:90:warning:oelint.var.filesoverride:'FILES' should not be overridden [branch:true]
recipes-plugins/cardinal/cardinal.bb:90:warning:oelint.var.order.FILES:'FILES' should be placed before 'RDEPENDS' [branch:true]
recipes-plugins/carla-plugins/carla-plugins.bb:1:error:oelint.file.underscores:Filename should contain at least one '_' in the end [branch:true]
recipes-plugins/carla-plugins/carla-plugins.bb:1:info:oelint.var.bbclassextend:BBCLASSEXTEND should be set if possible [branch:true]
recipes-plugins/carla-plugins/carla-plugins.bb:1:error:oelint.var.mandatoryvar.HOMEPAGE:Variable 'HOMEPAGE' should be set [branch:true]
recipes-plugins/carla-plugins/carla-plugins.bb:1:info:oelint.var.suggestedvar.BUGTRACKER:Variable 'BUGTRACKER' should be set [branch:true]
recipes-plugins/carla-plugins/carla-plugins.bb:1:info:oelint.var.suggestedvar.CVE_PRODUCT:Variable 'CVE_PRODUCT' should be set [branch:true]
recipes-plugins/carla-plugins/carla-plugins.bb:6:warning:oelint.vars.fileextrapaths:'FILESEXTRAPATHS' should be used only in a bbappend file [branch:true]
recipes-plugins/carla-plugins/carla-plugins.bb:6:warning:oelint.vars.outofcontext:FILESEXTRAPATHS should be only set in bbappend(s) [branch:true]
recipes-plugins/carla-plugins/carla-plugins.bb:9:error:oelint.vars.insaneskip:INSANE_SKIP should be avoided at any cost [branch:true]
recipes-plugins/carla-plugins/carla-plugins.bb:14:warning:oelint.vars.spacesassignment:Suggest spaces around assignment. E.g. 'FOO = "BAR"' [branch:true]
recipes-plugins/carla-plugins/carla-plugins.bb:16:warning:oelint.var.order.PV:'PV' should be placed before 'SRCREV' [branch:true]
recipes-plugins/carla-plugins/carla-plugins.bb:18:error:oelint.vars.unpackdir:Use ${UNPACKDIR} instead of ${WORKDIR} [branch:true]
recipes-plugins/carla-plugins/carla-plugins.bb:30:error:oelint.task.nocopy:'cp' shall not be used in do_install. Use 'install' [branch:true]
recipes-plugins/carla-plugins/carla-plugins.bb:38:warning:oelint.var.order.DEPENDS:'DEPENDS' should be placed before 'S' [branch:true]
recipes-plugins/carla-plugins/carla-plugins.bb:38:warning:oelint.vars.dependsordered:'DEPENDS' entries should be ordered alphabetically [branch:true]
recipes-plugins/carla-plugins/carla-plugins.bb:45:warning:oelint.var.filesoverride:'FILES' should not be overridden [branch:true]
recipes-plugins/chow-analogtapemodel/chow-analogtapemodel.bb:1:error:oelint.file.underscores:Filename should contain at least one '_' in the end [branch:true]
recipes-plugins/chow-analogtapemodel/chow-analogtapemodel.bb:1:info:oelint.var.bbclassextend:BBCLASSEXTEND should be set if possible [branch:true]
recipes-plugins/chow-analogtapemodel/chow-analogtapemodel.bb:1:info:oelint.var.suggestedvar.BUGTRACKER:Variable 'BUGTRACKER' should be set [branch:true]
recipes-plugins/chow-analogtapemodel/chow-analogtapemodel.bb:1:info:oelint.var.suggestedvar.CVE_PRODUCT:Variable 'CVE_PRODUCT' should be set [branch:true]
recipes-plugins/chow-analogtapemodel/chow-analogtapemodel.bb:3:warning:oelint.vars.descriptiontoobrief:'DESCRIPTION' is shorter than 'SUMMARY' [branch:true]
recipes-plugins/chow-analogtapemodel/chow-analogtapemodel.bb:8:warning:oelint.vars.fileextrapaths:'FILESEXTRAPATHS' should be used only in a bbappend file [branch:true]
recipes-plugins/chow-analogtapemodel/chow-analogtapemodel.bb:8:warning:oelint.vars.outofcontext:FILESEXTRAPATHS should be only set in bbappend(s) [branch:true]
recipes-plugins/chow-analogtapemodel/chow-analogtapemodel.bb:11:warning:oelint.file.patchsignedoff:Patch '01_only-lv2.patch' should contain a Signed-off-by entry [branch:true]
recipes-plugins/chow-analogtapemodel/chow-analogtapemodel.bb:11:warning:oelint.file.patchsignedoff:Patch '03_set-lv2-features.patch' should contain a Signed-off-by entry [branch:true]
recipes-plugins/chow-analogtapemodel/chow-analogtapemodel.bb:11:warning:oelint.file.patchsignedoff:Patch '02_no-lv2-gen.patch' should contain a Signed-off-by entry [branch:true]
recipes-plugins/chow-analogtapemodel/chow-analogtapemodel.bb:11:warning:oelint.file.patchsignedoff:Patch '07_rtneural-build-arm.patch' should contain a Signed-off-by entry [branch:true]
recipes-plugins/chow-analogtapemodel/chow-analogtapemodel.bb:11:warning:oelint.file.patchsignedoff:Patch '06_no-alsa-jack.patch' should contain a Signed-off-by entry [branch:true]
recipes-plugins/chow-analogtapemodel/chow-analogtapemodel.bb:11:warning:oelint.file.patchsignedoff:Patch '04_no-lto.patch' should contain a Signed-off-by entry [branch:true]
recipes-plugins/chow-analogtapemodel/chow-analogtapemodel.bb:11:info:oelint.file.upstreamstatus:Patch '03_set-lv2-features.patch' should contain an Upstream-Status entry [branch:true]
recipes-plugins/chow-analogtapemodel/chow-analogtapemodel.bb:11:info:oelint.file.upstreamstatus:Patch '04_no-lto.patch' should contain an Upstream-Status entry [branch:true]
recipes-plugins/chow-analogtapemodel/chow-analogtapemodel.bb:11:info:oelint.file.upstreamstatus:Patch '01_only-lv2.patch' should contain an Upstream-Status entry [branch:true]
recipes-plugins/chow-analogtapemodel/chow-analogtapemodel.bb:11:info:oelint.file.upstreamstatus:Patch '06_no-alsa-jack.patch' should contain an Upstream-Status entry [branch:true]
recipes-plugins/chow-analogtapemodel/chow-analogtapemodel.bb:11:info:oelint.file.upstreamstatus:Patch '07_rtneural-build-arm.patch' should contain an Upstream-Status entry [branch:true]
recipes-plugins/chow-analogtapemodel/chow-analogtapemodel.bb:11:info:oelint.file.upstreamstatus:Patch '02_no-lv2-gen.patch' should contain an Upstream-Status entry [branch:true]
recipes-plugins/chow-analogtapemodel/chow-analogtapemodel.bb:21:warning:oelint.vars.spacesassignment:Suggest spaces around assignment. E.g. 'FOO = "BAR"' [branch:true]
recipes-plugins/chow-analogtapemodel/chow-analogtapemodel.bb:23:error:oelint.vars.unpackdir:Use ${UNPACKDIR} instead of ${WORKDIR} [branch:true]
recipes-plugins/chow-analogtapemodel/chow-analogtapemodel.bb:29:warning:oelint.var.order.DEPENDS:'DEPENDS' should be placed before 'S' [branch:true]
recipes-plugins/chow-analogtapemodel/chow-analogtapemodel.bb:29:error:oelint.vars.dependsappend:DEPENDS should only be appended, not overwritten after an include or inherit [branch:true]
recipes-plugins/chow-analogtapemodel/chow-analogtapemodel.bb:29:warning:oelint.vars.dependsordered:'DEPENDS' entries should be ordered alphabetically [branch:true]
recipes-plugins/chow-analogtapemodel/chow-analogtapemodel.bb:37:warning:oelint.var.filesoverride:'FILES' should not be overridden [branch:true]
recipes-plugins/chow-analogtapemodel/chow-analogtapemodel.bb:37:warning:oelint.var.order.FILES:'FILES' should be placed before 'RDEPENDS' [branch:true]
recipes-plugins/dexed/dexed.bb:1:error:oelint.file.underscores:Filename should contain at least one '_' in the end [branch:true]
recipes-plugins/dexed/dexed.bb:1:info:oelint.var.bbclassextend:BBCLASSEXTEND should be set if possible [branch:true]
recipes-plugins/dexed/dexed.bb:1:error:oelint.var.mandatoryvar.HOMEPAGE:Variable 'HOMEPAGE' should be set [branch:true]
recipes-plugins/dexed/dexed.bb:1:info:oelint.var.suggestedvar.BUGTRACKER:Variable 'BUGTRACKER' should be set [branch:true]
recipes-plugins/dexed/dexed.bb:1:info:oelint.var.suggestedvar.CVE_PRODUCT:Variable 'CVE_PRODUCT' should be set [branch:true]
recipes-plugins/dexed/dexed.bb:2:warning:oelint.vars.descriptiontoobrief:'DESCRIPTION' is shorter than 'SUMMARY' [branch:true]
recipes-plugins/dexed/dexed.bb:6:warning:oelint.vars.fileextrapaths:'FILESEXTRAPATHS' should be used only in a bbappend file [branch:true]
recipes-plugins/dexed/dexed.bb:6:warning:oelint.vars.outofcontext:FILESEXTRAPATHS should be only set in bbappend(s) [branch:true]
recipes-plugins/dexed/dexed.bb:9:warning:oelint.file.patchsignedoff:Patch '01_fix-duplicated-comment.patch' should contain a Signed-off-by entry [branch:true]
recipes-plugins/dexed/dexed.bb:9:warning:oelint.file.patchsignedoff:Patch '02_makefile-ignore-ttl-change.patch' should contain a Signed-off-by entry [branch:true]
recipes-plugins/dexed/dexed.bb:9:info:oelint.file.upstreamstatus:Patch '01_fix-duplicated-comment.patch' should contain an Upstream-Status entry [branch:true]
recipes-plugins/dexed/dexed.bb:9:info:oelint.file.upstreamstatus:Patch '02_makefile-ignore-ttl-change.patch' should contain an Upstream-Status entry [branch:true]
recipes-plugins/dexed/dexed.bb:14:warning:oelint.vars.spacesassignment:Suggest spaces around assignment. E.g. 'FOO = "BAR"' [branch:true]
recipes-plugins/dexed/dexed.bb:16:error:oelint.vars.unpackdir:Use ${UNPACKDIR} instead of ${WORKDIR} [branch:true]
recipes-plugins/dexed/dexed.bb:33:warning:oelint.var.order.DEPENDS:'DEPENDS' should be placed before 'S' [branch:true]
recipes-plugins/dexed/dexed.bb:33:error:oelint.vars.dependsappend:DEPENDS should only be appended, not overwritten after an include or inherit [branch:true]
recipes-plugins/dexed/dexed.bb:40:warning:oelint.var.filesoverride:'FILES' should not be overridden [branch:true]
recipes-plugins/dexed/dexed.bb:40:warning:oelint.var.order.FILES:'FILES' should be placed before 'RDEPENDS' [branch:true]
recipes-plugins/die-plugins/die-plugins.bb:1:error:oelint.file.underscores:Filename should contain at least one '_' in the end [branch:true]
recipes-plugins/die-plugins/die-plugins.bb:1:info:oelint.var.bbclassextend:BBCLASSEXTEND should be set if possible [branch:true]
recipes-plugins/die-plugins/die-plugins.bb:1:error:oelint.var.mandatoryvar.HOMEPAGE:Variable 'HOMEPAGE' should be set [branch:true]
recipes-plugins/die-plugins/die-plugins.bb:1:info:oelint.var.suggestedvar.BUGTRACKER:Variable 'BUGTRACKER' should be set [branch:true]
recipes-plugins/die-plugins/die-plugins.bb:1:info:oelint.var.suggestedvar.CVE_PRODUCT:Variable 'CVE_PRODUCT' should be set [branch:true]
recipes-plugins/die-plugins/die-plugins.bb:8:error:oelint.vars.insaneskip:INSANE_SKIP should be avoided at any cost [branch:true]
recipes-plugins/die-plugins/die-plugins.bb:13:warning:oelint.vars.spacesassignment:Suggest spaces around assignment. E.g. 'FOO = "BAR"' [branch:true]
recipes-plugins/die-plugins/die-plugins.bb:15:warning:oelint.var.order.PV:'PV' should be placed before 'SRCREV' [branch:true]
recipes-plugins/die-plugins/die-plugins.bb:17:error:oelint.vars.unpackdir:Use ${UNPACKDIR} instead of ${WORKDIR} [branch:true]
recipes-plugins/die-plugins/die-plugins.bb:28:error:oelint.task.nocopy:'cp' shall not be used in do_install. Use 'install' [branch:true]
recipes-plugins/die-plugins/die-plugins.bb:31:warning:oelint.var.order.DEPENDS:'DEPENDS' should be placed before 'S' [branch:true]
recipes-plugins/die-plugins/die-plugins.bb:31:warning:oelint.vars.dependsordered:'DEPENDS' entries should be ordered alphabetically [branch:true]
recipes-plugins/die-plugins/die-plugins.bb:38:warning:oelint.var.filesoverride:'FILES' should not be overridden [branch:true]
recipes-plugins/distrho-ports/distrho-ports-v6.bb:1:error:oelint.file.underscores:Filename should contain at least one '_' in the end [branch:true]
recipes-plugins/distrho-ports/distrho-ports-v6.bb:1:info:oelint.var.bbclassextend:BBCLASSEXTEND should be set if possible [branch:true]
recipes-plugins/distrho-ports/distrho-ports-v6.bb:1:error:oelint.var.mandatoryvar.HOMEPAGE:Variable 'HOMEPAGE' should be set [branch:true]
recipes-plugins/distrho-ports/distrho-ports-v6.bb:1:info:oelint.var.suggestedvar.BUGTRACKER:Variable 'BUGTRACKER' should be set [branch:true]
recipes-plugins/distrho-ports/distrho-ports-v6.bb:1:info:oelint.var.suggestedvar.CVE_PRODUCT:Variable 'CVE_PRODUCT' should be set [branch:true]
recipes-plugins/distrho-ports/distrho-ports-v6.bb:2:warning:oelint.vars.descriptiontoobrief:'DESCRIPTION' is shorter than 'SUMMARY' [branch:true]
recipes-plugins/distrho-ports/distrho-ports-v6.bb:6:warning:oelint.vars.fileextrapaths:'FILESEXTRAPATHS' should be used only in a bbappend file [branch:true]
recipes-plugins/distrho-ports/distrho-ports-v6.bb:6:warning:oelint.vars.outofcontext:FILESEXTRAPATHS should be only set in bbappend(s) [branch:true]
recipes-plugins/distrho-ports/distrho-ports-v6.bb:8:error:oelint.vars.insaneskip:INSANE_SKIP should be avoided at any cost [branch:true]
recipes-plugins/distrho-ports/distrho-ports-v6.bb:12:warning:oelint.file.patchsignedoff:Patch '01_no-lv2-gen.patch' should contain a Signed-off-by entry [branch:true]
recipes-plugins/distrho-ports/distrho-ports-v6.bb:12:info:oelint.file.upstreamstatus:Patch '01_no-lv2-gen.patch' should contain an Upstream-Status entry [branch:true]
recipes-plugins/distrho-ports/distrho-ports-v6.bb:16:warning:oelint.vars.spacesassignment:Suggest spaces around assignment. E.g. 'FOO = "BAR"' [branch:true]
recipes-plugins/distrho-ports/distrho-ports-v6.bb:18:error:oelint.vars.unpackdir:Use ${UNPACKDIR} instead of ${WORKDIR} [branch:true]
recipes-plugins/distrho-ports/distrho-ports-v6.bb:45:warning:oelint.var.order.DEPENDS:'DEPENDS' should be placed before 'S' [branch:true]
recipes-plugins/distrho-ports/distrho-ports-v6.bb:45:warning:oelint.vars.dependsordered:'DEPENDS' entries should be ordered alphabetically [branch:true]
recipes-plugins/distrho-ports/distrho-ports-v6.bb:52:warning:oelint.var.filesoverride:'FILES' should not be overridden [branch:true]
recipes-plugins/distrho-ports/distrho-ports.bb:1:error:oelint.file.underscores:Filename should contain at least one '_' in the end [branch:true]
recipes-plugins/distrho-ports/distrho-ports.bb:1:info:oelint.var.bbclassextend:BBCLASSEXTEND should be set if possible [branch:true]
recipes-plugins/distrho-ports/distrho-ports.bb:1:error:oelint.var.mandatoryvar.HOMEPAGE:Variable 'HOMEPAGE' should be set [branch:true]
recipes-plugins/distrho-ports/distrho-ports.bb:1:info:oelint.var.suggestedvar.BUGTRACKER:Variable 'BUGTRACKER' should be set [branch:true]
recipes-plugins/distrho-ports/distrho-ports.bb:1:info:oelint.var.suggestedvar.CVE_PRODUCT:Variable 'CVE_PRODUCT' should be set [branch:true]
recipes-plugins/distrho-ports/distrho-ports.bb:16:warning:oelint.vars.descriptiontoobrief:'DESCRIPTION' is shorter than 'SUMMARY' [branch:true]
recipes-plugins/distrho-ports/distrho-ports.bb:20:warning:oelint.vars.fileextrapaths:'FILESEXTRAPATHS' should be used only in a bbappend file [branch:true]
recipes-plugins/distrho-ports/distrho-ports.bb:20:warning:oelint.vars.outofcontext:FILESEXTRAPATHS should be only set in bbappend(s) [branch:true]
recipes-plugins/distrho-ports/distrho-ports.bb:22:error:oelint.vars.insaneskip:INSANE_SKIP should be avoided at any cost [branch:true]
recipes-plugins/distrho-ports/distrho-ports.bb:26:warning:oelint.file.patchsignedoff:Patch '01_workaround-missing-premake.patch' should contain a Signed-off-by entry [branch:true]
recipes-plugins/distrho-ports/distrho-ports.bb:26:info:oelint.file.upstreamstatus:Patch '01_workaround-missing-premake.patch' should contain an Upstream-Status entry [branch:true]
recipes-plugins/distrho-ports/distrho-ports.bb:30:warning:oelint.vars.spacesassignment:Suggest spaces around assignment. E.g. 'FOO = "BAR"' [branch:true]
recipes-plugins/distrho-ports/distrho-ports.bb:32:error:oelint.vars.unpackdir:Use ${UNPACKDIR} instead of ${WORKDIR} [branch:true]
recipes-plugins/distrho-ports/distrho-ports.bb:77:warning:oelint.var.order.DEPENDS:'DEPENDS' should be placed before 'S' [branch:true]
recipes-plugins/distrho-ports/distrho-ports.bb:77:warning:oelint.vars.dependsordered:'DEPENDS' entries should be ordered alphabetically [branch:true]
recipes-plugins/distrho-ports/distrho-ports.bb:82:warning:oelint.var.filesoverride:'FILES' should not be overridden [branch:true]
recipes-plugins/dpf-plugins/dpf-plugins.bb:1:error:oelint.file.underscores:Filename should contain at least one '_' in the end [branch:true]
recipes-plugins/dpf-plugins/dpf-plugins.bb:1:info:oelint.var.bbclassextend:BBCLASSEXTEND should be set if possible [branch:true]
recipes-plugins/dpf-plugins/dpf-plugins.bb:1:error:oelint.var.mandatoryvar.HOMEPAGE:Variable 'HOMEPAGE' should be set [branch:true]
recipes-plugins/dpf-plugins/dpf-plugins.bb:1:info:oelint.var.suggestedvar.BUGTRACKER:Variable 'BUGTRACKER' should be set [branch:true]
recipes-plugins/dpf-plugins/dpf-plugins.bb:1:info:oelint.var.suggestedvar.CVE_PRODUCT:Variable 'CVE_PRODUCT' should be set [branch:true]
recipes-plugins/dpf-plugins/dpf-plugins.bb:2:warning:oelint.vars.descriptiontoobrief:'DESCRIPTION' is shorter than 'SUMMARY' [branch:true]
recipes-plugins/dpf-plugins/dpf-plugins.bb:7:error:oelint.vars.insaneskip:INSANE_SKIP should be avoided at any cost [branch:true]
recipes-plugins/dpf-plugins/dpf-plugins.bb:14:warning:oelint.vars.spacesassignment:Suggest spaces around assignment. E.g. 'FOO = "BAR"' [branch:true]
recipes-plugins/dpf-plugins/dpf-plugins.bb:16:error:oelint.vars.unpackdir:Use ${UNPACKDIR} instead of ${WORKDIR} [branch:true]
recipes-plugins/dpf-plugins/dpf-plugins.bb:46:warning:oelint.var.order.DEPENDS:'DEPENDS' should be placed before 'S' [branch:true]
recipes-plugins/dpf-plugins/dpf-plugins.bb:46:warning:oelint.vars.dependsordered:'DEPENDS' entries should be ordered alphabetically [branch:true]
recipes-plugins/dpf-plugins/dpf-plugins.bb:51:warning:oelint.var.filesoverride:'FILES' should not be overridden [branch:true]
recipes-plugins/dragonfly-reverb/dragonfly-reverb.bb:1:error:oelint.file.underscores:Filename should contain at least one '_' in the end [branch:true]
recipes-plugins/dragonfly-reverb/dragonfly-reverb.bb:1:info:oelint.var.bbclassextend:BBCLASSEXTEND should be set if possible [branch:true]
recipes-plugins/dragonfly-reverb/dragonfly-reverb.bb:1:info:oelint.var.suggestedvar.BUGTRACKER:Variable 'BUGTRACKER' should be set [branch:true]
recipes-plugins/dragonfly-reverb/dragonfly-reverb.bb:1:info:oelint.var.suggestedvar.CVE_PRODUCT:Variable 'CVE_PRODUCT' should be set [branch:true]
recipes-plugins/dragonfly-reverb/dragonfly-reverb.bb:6:warning:oelint.var.licenseremotefile:License-File should be a remote file [branch:true]
recipes-plugins/dragonfly-reverb/dragonfly-reverb.bb:9:error:oelint.vars.insaneskip:INSANE_SKIP should be avoided at any cost [branch:true]
recipes-plugins/dragonfly-reverb/dragonfly-reverb.bb:26:warning:oelint.file.patchsignedoff:Patch '02_allow-zero-size-delay.patch' should contain a Signed-off-by entry [branch:true]
recipes-plugins/dragonfly-reverb/dragonfly-reverb.bb:26:warning:oelint.file.patchsignedoff:Patch '01_optimizations.patch' should contain a Signed-off-by entry [branch:true]
recipes-plugins/dragonfly-reverb/dragonfly-reverb.bb:26:info:oelint.file.upstreamstatus:Patch '01_optimizations.patch' should contain an Upstream-Status entry [branch:true]
recipes-plugins/dragonfly-reverb/dragonfly-reverb.bb:26:info:oelint.file.upstreamstatus:Patch '02_allow-zero-size-delay.patch' should contain an Upstream-Status entry [branch:true]
recipes-plugins/dragonfly-reverb/dragonfly-reverb.bb:31:warning:oelint.vars.spacesassignment:Suggest spaces around assignment. E.g. 'FOO = "BAR"' [branch:true]
recipes-plugins/dragonfly-reverb/dragonfly-reverb.bb:33:error:oelint.vars.unpackdir:Use ${UNPACKDIR} instead of ${WORKDIR} [branch:true]
recipes-plugins/dragonfly-reverb/dragonfly-reverb.bb:64:warning:oelint.var.order.DEPENDS:'DEPENDS' should be placed before 'S' [branch:true]
recipes-plugins/dragonfly-reverb/dragonfly-reverb.bb:69:warning:oelint.var.filesoverride:'FILES' should not be overridden [branch:true]
recipes-plugins/fluidsynth-plug/fluidsynth-plug.bb:1:error:oelint.file.underscores:Filename should contain at least one '_' in the end [branch:true]
recipes-plugins/fluidsynth-plug/fluidsynth-plug.bb:1:info:oelint.var.bbclassextend:BBCLASSEXTEND should be set if possible [branch:true]
recipes-plugins/fluidsynth-plug/fluidsynth-plug.bb:1:error:oelint.var.mandatoryvar.DESCRIPTION:Variable 'DESCRIPTION' should be set [branch:true]
recipes-plugins/fluidsynth-plug/fluidsynth-plug.bb:1:error:oelint.var.mandatoryvar.HOMEPAGE:Variable 'HOMEPAGE' should be set [branch:true]
recipes-plugins/fluidsynth-plug/fluidsynth-plug.bb:1:error:oelint.var.mandatoryvar.SUMMARY:Variable 'SUMMARY' should be set [branch:true]
recipes-plugins/fluidsynth-plug/fluidsynth-plug.bb:1:info:oelint.var.suggestedvar.BUGTRACKER:Variable 'BUGTRACKER' should be set [branch:true]
recipes-plugins/fluidsynth-plug/fluidsynth-plug.bb:1:info:oelint.var.suggestedvar.CVE_PRODUCT:Variable 'CVE_PRODUCT' should be set [branch:true]
recipes-plugins/fluidsynth-plug/fluidsynth-plug.bb:1:info:oelint.var.suggestedvar.SECTION:Variable 'SECTION' should be set [branch:true]
recipes-plugins/fluidsynth-plug/fluidsynth-plug.bb:5:error:oelint.vars.insaneskip:INSANE_SKIP should be avoided at any cost [branch:true]
recipes-plugins/fluidsynth-plug/fluidsynth-plug.bb:8:error:oelint.vars.unpackdir:Use ${UNPACKDIR} instead of ${WORKDIR} [branch:true]
recipes-plugins/fluidsynth-plug/fluidsynth-plug.bb:11:warning:oelint.var.order.SRC_URI:'SRC_URI' should be placed before 'S' [branch:true]
recipes-plugins/fluidsynth-plug/fluidsynth-plug.bb:14:warning:oelint.vars.spacesassignment:Suggest spaces around assignment. E.g. 'FOO = "BAR"' [branch:true]
recipes-plugins/fluidsynth-plug/fluidsynth-plug.bb:32:warning:oelint.var.order.DEPENDS:'DEPENDS' should be placed before 'SRCREV' [branch:true]
recipes-plugins/fluidsynth-plug/fluidsynth-plug.bb:32:error:oelint.vars.dependsappend:DEPENDS should only be appended, not overwritten after an include or inherit [branch:true]
recipes-plugins/fluidsynth-plug/fluidsynth-plug.bb:41:warning:oelint.var.filesoverride:'FILES' should not be overridden [branch:true]
recipes-plugins/fluidsynth-plug/fluidsynth-plug.bb:41:warning:oelint.var.order.FILES:'FILES' should be placed before 'RDEPENDS' [branch:true]
recipes-plugins/fomp/fomp.bb:1:error:oelint.file.underscores:Filename should contain at least one '_' in the end [branch:true]
recipes-plugins/fomp/fomp.bb:1:info:oelint.var.bbclassextend:BBCLASSEXTEND should be set if possible [branch:true]
recipes-plugins/fomp/fomp.bb:1:error:oelint.var.mandatoryvar.HOMEPAGE:Variable 'HOMEPAGE' should be set [branch:true]
recipes-plugins/fomp/fomp.bb:1:info:oelint.var.suggestedvar.BUGTRACKER:Variable 'BUGTRACKER' should be set [branch:true]
recipes-plugins/fomp/fomp.bb:1:info:oelint.var.suggestedvar.CVE_PRODUCT:Variable 'CVE_PRODUCT' should be set [branch:true]
recipes-plugins/fomp/fomp.bb:2:warning:oelint.vars.descriptiontoobrief:'DESCRIPTION' is shorter than 'SUMMARY' [branch:true]
recipes-plugins/fomp/fomp.bb:6:warning:oelint.vars.fileextrapaths:'FILESEXTRAPATHS' should be used only in a bbappend file [branch:true]
recipes-plugins/fomp/fomp.bb:6:warning:oelint.vars.outofcontext:FILESEXTRAPATHS should be only set in bbappend(s) [branch:true]
recipes-plugins/fomp/fomp.bb:9:warning:oelint.file.patchsignedoff:Patch '01_add-mod-brand-and-label.patch' should contain a Signed-off-by entry [branch:true]
recipes-plugins/fomp/fomp.bb:9:info:oelint.file.upstreamstatus:Patch '01_add-mod-brand-and-label.patch' should contain an Upstream-Status entry [branch:true]
recipes-plugins/fomp/fomp.bb:13:warning:oelint.vars.spacesassignment:Suggest spaces around assignment. E.g. 'FOO = "BAR"' [branch:true]
recipes-plugins/fomp/fomp.bb:15:error:oelint.vars.unpackdir:Use ${UNPACKDIR} instead of ${WORKDIR} [branch:true]
recipes-plugins/fomp/fomp.bb:31:warning:oelint.var.order.DEPENDS:'DEPENDS' should be placed before 'EXTRA_OECONF' [branch:true]
recipes-plugins/fomp/fomp.bb:31:error:oelint.vars.dependsappend:DEPENDS should only be appended, not overwritten after an include or inherit [branch:true]
recipes-plugins/fomp/fomp.bb:38:warning:oelint.var.filesoverride:'FILES' should not be overridden [branch:true]
recipes-plugins/fomp/fomp.bb:38:warning:oelint.var.order.FILES:'FILES' should be placed before 'RDEPENDS' [branch:true]
recipes-plugins/freaked/freaked.bb:1:error:oelint.file.underscores:Filename should contain at least one '_' in the end [branch:true]
recipes-plugins/freaked/freaked.bb:1:info:oelint.var.bbclassextend:BBCLASSEXTEND should be set if possible [branch:true]
recipes-plugins/freaked/freaked.bb:1:error:oelint.var.mandatoryvar.DESCRIPTION:Variable 'DESCRIPTION' should be set [branch:true]
recipes-plugins/freaked/freaked.bb:1:error:oelint.var.mandatoryvar.HOMEPAGE:Variable 'HOMEPAGE' should be set [branch:true]
recipes-plugins/freaked/freaked.bb:1:error:oelint.var.mandatoryvar.SUMMARY:Variable 'SUMMARY' should be set [branch:true]
recipes-plugins/freaked/freaked.bb:1:info:oelint.var.suggestedvar.BUGTRACKER:Variable 'BUGTRACKER' should be set [branch:true]
recipes-plugins/freaked/freaked.bb:1:info:oelint.var.suggestedvar.CVE_PRODUCT:Variable 'CVE_PRODUCT' should be set [branch:true]
recipes-plugins/freaked/freaked.bb:1:info:oelint.var.suggestedvar.SECTION:Variable 'SECTION' should be set [branch:true]
recipes-plugins/freaked/freaked.bb:5:error:oelint.vars.insaneskip:INSANE_SKIP should be avoided at any cost [branch:true]
recipes-plugins/freaked/freaked.bb:8:error:oelint.vars.unpackdir:Use ${UNPACKDIR} instead of ${WORKDIR} [branch:true]
recipes-plugins/freaked/freaked.bb:11:warning:oelint.var.order.SRC_URI:'SRC_URI' should be placed before 'S' [branch:true]
recipes-plugins/freaked/freaked.bb:14:warning:oelint.vars.spacesassignment:Suggest spaces around assignment. E.g. 'FOO = "BAR"' [branch:true]
recipes-plugins/freaked/freaked.bb:44:warning:oelint.var.order.DEPENDS:'DEPENDS' should be placed before 'SRCREV' [branch:true]
recipes-plugins/freaked/freaked.bb:44:warning:oelint.vars.dependsordered:'DEPENDS' entries should be ordered alphabetically [branch:true]
recipes-plugins/freaked/freaked.bb:49:warning:oelint.var.filesoverride:'FILES' should not be overridden [branch:true]
recipes-plugins/guitarix-lv2/guitarix-lv2.bb:1:error:oelint.file.underscores:Filename should contain at least one '_' in the end [branch:true]
recipes-plugins/guitarix-lv2/guitarix-lv2.bb:1:info:oelint.var.bbclassextend:BBCLASSEXTEND should be set if possible [branch:true]
recipes-plugins/guitarix-lv2/guitarix-lv2.bb:1:info:oelint.var.suggestedvar.BUGTRACKER:Variable 'BUGTRACKER' should be set [branch:true]
recipes-plugins/guitarix-lv2/guitarix-lv2.bb:1:info:oelint.var.suggestedvar.CVE_PRODUCT:Variable 'CVE_PRODUCT' should be set [branch:true]
recipes-plugins/guitarix-lv2/guitarix-lv2.bb:8:warning:oelint.var.licenseremotefile:License-File should be a remote file [branch:true]
recipes-plugins/guitarix-lv2/guitarix-lv2.bb:11:warning:oelint.file.patchsignedoff:Patch '0003-Use-avail-libgmm-version.patch' should contain a Signed-off-by entry [branch:true]
recipes-plugins/guitarix-lv2/guitarix-lv2.bb:11:info:oelint.file.upstreamstatus:Patch '0001-Rework-messages-somehow-yes-or-no-is-missing.patch' should contain an Upstream-Status entry [branch:true]
recipes-plugins/guitarix-lv2/guitarix-lv2.bb:11:info:oelint.file.upstreamstatus:Patch '0002-Do-not-strip-LV2-plugins.patch' should contain an Upstream-Status entry [branch:true]
recipes-plugins/guitarix-lv2/guitarix-lv2.bb:11:info:oelint.file.upstreamstatus:Patch '0003-Use-avail-libgmm-version.patch' should contain an Upstream-Status entry [branch:true]
recipes-plugins/guitarix-lv2/guitarix-lv2.bb:18:warning:oelint.var.order.PV:'PV' should be placed before 'SRCREV' [branch:true]
recipes-plugins/guitarix-lv2/guitarix-lv2.bb:19:error:oelint.vars.unpackdir:Use ${UNPACKDIR} instead of ${WORKDIR} [branch:true]
recipes-plugins/guitarix-lv2/guitarix-lv2.bb:50:error:oelint.task.nocopy:'cp' shall not be used in do_install. Use 'install' [branch:true]
recipes-plugins/guitarix-lv2/guitarix-lv2.bb:56:error:oelint.task.nocopy:'cp' shall not be used in do_install. Use 'install' [branch:true]
recipes-plugins/guitarix-lv2/guitarix-lv2.bb:57:error:oelint.task.nocopy:'cp' shall not be used in do_install. Use 'install' [branch:true]
recipes-plugins/guitarix-lv2/guitarix-lv2.bb:61:warning:oelint.var.order.DEPENDS:'DEPENDS' should be placed before 'EXTRA_OECONF' [branch:true]
recipes-plugins/guitarix-lv2/guitarix-lv2.bb:61:error:oelint.vars.dependsappend:DEPENDS should only be appended, not overwritten after an include or inherit [branch:true]
recipes-plugins/guitarix-lv2/guitarix-lv2.bb:61:warning:oelint.vars.dependsordered:'DEPENDS' entries should be ordered alphabetically [branch:true]
recipes-plugins/gxplugins/gxplugins.bb:1:error:oelint.file.underscores:Filename should contain at least one '_' in the end [branch:true]
recipes-plugins/gxplugins/gxplugins.bb:1:info:oelint.var.bbclassextend:BBCLASSEXTEND should be set if possible [branch:true]
recipes-plugins/gxplugins/gxplugins.bb:1:info:oelint.var.suggestedvar.BUGTRACKER:Variable 'BUGTRACKER' should be set [branch:true]
recipes-plugins/gxplugins/gxplugins.bb:1:info:oelint.var.suggestedvar.CVE_PRODUCT:Variable 'CVE_PRODUCT' should be set [branch:true]
recipes-plugins/gxplugins/gxplugins.bb:2:warning:oelint.vars.descriptiontoobrief:'DESCRIPTION' is shorter than 'SUMMARY' [branch:true]
recipes-plugins/gxplugins/gxplugins.bb:6:warning:oelint.var.licenseremotefile:License-File should be a remote file [branch:true]
recipes-plugins/gxplugins/gxplugins.bb:11:warning:oelint.vars.spacesassignment:Suggest spaces around assignment. E.g. 'FOO = "BAR"' [branch:true]
recipes-plugins/gxplugins/gxplugins.bb:17:warning:oelint.var.order.PV:'PV' should be placed before 'SRCREV' [branch:true]
recipes-plugins/gxplugins/gxplugins.bb:18:error:oelint.vars.unpackdir:Use ${UNPACKDIR} instead of ${WORKDIR} [branch:true]
recipes-plugins/gxplugins/gxplugins.bb:90:error:oelint.task.nocopy:'cp' shall not be used in do_install. Use 'install' [branch:true]
recipes-plugins/gxplugins/gxplugins.bb:96:error:oelint.task.nocopy:'cp' shall not be used in do_install. Use 'install' [branch:true]
recipes-plugins/gxplugins/gxplugins.bb:97:error:oelint.task.nocopy:'cp' shall not be used in do_install. Use 'install' [branch:true]
recipes-plugins/gxplugins/gxplugins.bb:101:warning:oelint.var.order.DEPENDS:'DEPENDS' should be placed before 'S' [branch:true]
recipes-plugins/gxplugins/gxplugins.bb:106:warning:oelint.var.filesoverride:'FILES' should not be overridden [branch:true]
recipes-plugins/gxswitchlesswah-lv2/gxswitchlesswah-lv2.bb:1:error:oelint.file.underscores:Filename should contain at least one '_' in the end [branch:true]
recipes-plugins/gxswitchlesswah-lv2/gxswitchlesswah-lv2.bb:1:info:oelint.var.bbclassextend:BBCLASSEXTEND should be set if possible [branch:true]
recipes-plugins/gxswitchlesswah-lv2/gxswitchlesswah-lv2.bb:1:error:oelint.var.mandatoryvar.DESCRIPTION:Variable 'DESCRIPTION' should be set [branch:true]
recipes-plugins/gxswitchlesswah-lv2/gxswitchlesswah-lv2.bb:1:error:oelint.var.mandatoryvar.HOMEPAGE:Variable 'HOMEPAGE' should be set [branch:true]
recipes-plugins/gxswitchlesswah-lv2/gxswitchlesswah-lv2.bb:1:error:oelint.var.mandatoryvar.SUMMARY:Variable 'SUMMARY' should be set [branch:true]
recipes-plugins/gxswitchlesswah-lv2/gxswitchlesswah-lv2.bb:1:info:oelint.var.suggestedvar.BUGTRACKER:Variable 'BUGTRACKER' should be set [branch:true]
recipes-plugins/gxswitchlesswah-lv2/gxswitchlesswah-lv2.bb:1:info:oelint.var.suggestedvar.CVE_PRODUCT:Variable 'CVE_PRODUCT' should be set [branch:true]
recipes-plugins/gxswitchlesswah-lv2/gxswitchlesswah-lv2.bb:1:info:oelint.var.suggestedvar.SECTION:Variable 'SECTION' should be set [branch:true]
recipes-plugins/gxswitchlesswah-lv2/gxswitchlesswah-lv2.bb:5:error:oelint.vars.unpackdir:Use ${UNPACKDIR} instead of ${WORKDIR} [branch:true]
recipes-plugins/gxswitchlesswah-lv2/gxswitchlesswah-lv2.bb:8:warning:oelint.var.order.SRC_URI:'SRC_URI' should be placed before 'S' [branch:true]
recipes-plugins/gxswitchlesswah-lv2/gxswitchlesswah-lv2.bb:11:warning:oelint.vars.spacesassignment:Suggest spaces around assignment. E.g. 'FOO = "BAR"' [branch:true]
recipes-plugins/gxswitchlesswah-lv2/gxswitchlesswah-lv2.bb:23:warning:oelint.var.order.DEPENDS:'DEPENDS' should be placed before 'SRCREV' [branch:true]
recipes-plugins/gxswitchlesswah-lv2/gxswitchlesswah-lv2.bb:31:warning:oelint.var.filesoverride:'FILES' should not be overridden [branch:true]
recipes-plugins/gxswitchlesswah-lv2/gxswitchlesswah-lv2.bb:31:warning:oelint.var.order.FILES:'FILES' should be placed before 'RDEPENDS' [branch:true]
recipes-plugins/gxvoxtb-lv2/gxvoxtb-lv2.bb:1:error:oelint.file.underscores:Filename should contain at least one '_' in the end [branch:true]
recipes-plugins/gxvoxtb-lv2/gxvoxtb-lv2.bb:1:info:oelint.var.bbclassextend:BBCLASSEXTEND should be set if possible [branch:true]
recipes-plugins/gxvoxtb-lv2/gxvoxtb-lv2.bb:1:error:oelint.var.mandatoryvar.DESCRIPTION:Variable 'DESCRIPTION' should be set [branch:true]
recipes-plugins/gxvoxtb-lv2/gxvoxtb-lv2.bb:1:error:oelint.var.mandatoryvar.HOMEPAGE:Variable 'HOMEPAGE' should be set [branch:true]
recipes-plugins/gxvoxtb-lv2/gxvoxtb-lv2.bb:1:error:oelint.var.mandatoryvar.SUMMARY:Variable 'SUMMARY' should be set [branch:true]
recipes-plugins/gxvoxtb-lv2/gxvoxtb-lv2.bb:1:info:oelint.var.suggestedvar.BUGTRACKER:Variable 'BUGTRACKER' should be set [branch:true]
recipes-plugins/gxvoxtb-lv2/gxvoxtb-lv2.bb:1:info:oelint.var.suggestedvar.CVE_PRODUCT:Variable 'CVE_PRODUCT' should be set [branch:true]
recipes-plugins/gxvoxtb-lv2/gxvoxtb-lv2.bb:1:info:oelint.var.suggestedvar.SECTION:Variable 'SECTION' should be set [branch:true]
recipes-plugins/gxvoxtb-lv2/gxvoxtb-lv2.bb:5:error:oelint.vars.unpackdir:Use ${UNPACKDIR} instead of ${WORKDIR} [branch:true]
recipes-plugins/gxvoxtb-lv2/gxvoxtb-lv2.bb:8:warning:oelint.var.order.SRC_URI:'SRC_URI' should be placed before 'S' [branch:true]
recipes-plugins/gxvoxtb-lv2/gxvoxtb-lv2.bb:11:warning:oelint.vars.spacesassignment:Suggest spaces around assignment. E.g. 'FOO = "BAR"' [branch:true]
recipes-plugins/gxvoxtb-lv2/gxvoxtb-lv2.bb:23:warning:oelint.var.order.DEPENDS:'DEPENDS' should be placed before 'SRCREV' [branch:true]
recipes-plugins/gxvoxtb-lv2/gxvoxtb-lv2.bb:30:warning:oelint.var.filesoverride:'FILES' should not be overridden [branch:true]
recipes-plugins/gxvoxtb-lv2/gxvoxtb-lv2.bb:30:warning:oelint.var.order.FILES:'FILES' should be placed before 'RDEPENDS' [branch:true]
recipes-plugins/infamous-plugins/infamous-plugins.bb:1:error:oelint.file.underscores:Filename should contain at least one '_' in the end [branch:true]
recipes-plugins/infamous-plugins/infamous-plugins.bb:1:info:oelint.var.bbclassextend:BBCLASSEXTEND should be set if possible [branch:true]
recipes-plugins/infamous-plugins/infamous-plugins.bb:1:error:oelint.var.mandatoryvar.HOMEPAGE:Variable 'HOMEPAGE' should be set [branch:true]
recipes-plugins/infamous-plugins/infamous-plugins.bb:1:info:oelint.var.suggestedvar.BUGTRACKER:Variable 'BUGTRACKER' should be set [branch:true]
recipes-plugins/infamous-plugins/infamous-plugins.bb:1:info:oelint.var.suggestedvar.CVE_PRODUCT:Variable 'CVE_PRODUCT' should be set [branch:true]
recipes-plugins/infamous-plugins/infamous-plugins.bb:3:warning:oelint.vars.descriptiontoobrief:'DESCRIPTION' is shorter than 'SUMMARY' [branch:true]
recipes-plugins/infamous-plugins/infamous-plugins.bb:12:warning:oelint.vars.spacesassignment:Suggest spaces around assignment. E.g. 'FOO = "BAR"' [branch:true]
recipes-plugins/infamous-plugins/infamous-plugins.bb:14:error:oelint.vars.unpackdir:Use ${UNPACKDIR} instead of ${WORKDIR} [branch:true]
recipes-plugins/infamous-plugins/infamous-plugins.bb:16:warning:oelint.vars.mispell.unknown:'FXLIST' is unknown. Consider adding it via --constantmods [branch:true]
recipes-plugins/infamous-plugins/infamous-plugins.bb:38:error:oelint.task.nocopy:'cp' shall not be used in do_install. Use 'install' [branch:true]
recipes-plugins/infamous-plugins/infamous-plugins.bb:39:error:oelint.task.nocopy:'cp' shall not be used in do_install. Use 'install' [branch:true]
recipes-plugins/infamous-plugins/infamous-plugins.bb:44:error:oelint.task.nocopy:'cp' shall not be used in do_install. Use 'install' [branch:true]
recipes-plugins/infamous-plugins/infamous-plugins.bb:45:error:oelint.task.nocopy:'cp' shall not be used in do_install. Use 'install' [branch:true]
recipes-plugins/infamous-plugins/infamous-plugins.bb:50:error:oelint.task.nocopy:'cp' shall not be used in do_install. Use 'install' [branch:true]
recipes-plugins/infamous-plugins/infamous-plugins.bb:51:error:oelint.task.nocopy:'cp' shall not be used in do_install. Use 'install' [branch:true]
recipes-plugins/infamous-plugins/infamous-plugins.bb:57:warning:oelint.var.order.DEPENDS:'DEPENDS' should be placed before 'S' [branch:true]
recipes-plugins/infamous-plugins/infamous-plugins.bb:57:error:oelint.vars.dependsappend:DEPENDS should only be appended, not overwritten after an include or inherit [branch:true]
recipes-plugins/infamous-plugins/infamous-plugins.bb:57:warning:oelint.vars.dependsordered:'DEPENDS' entries should be ordered alphabetically [branch:true]
recipes-plugins/infamous-plugins/infamous-plugins.bb:67:warning:oelint.var.filesoverride:'FILES' should not be overridden [branch:true]
recipes-plugins/infamous-plugins/infamous-plugins.bb:67:warning:oelint.var.order.FILES:'FILES' should be placed before 'RDEPENDS' [branch:true]
recipes-plugins/invada-lv2/invada-lv2.bb:1:error:oelint.file.underscores:Filename should contain at least one '_' in the end [branch:true]
recipes-plugins/invada-lv2/invada-lv2.bb:1:info:oelint.var.bbclassextend:BBCLASSEXTEND should be set if possible [branch:true]
recipes-plugins/invada-lv2/invada-lv2.bb:1:error:oelint.var.mandatoryvar.HOMEPAGE:Variable 'HOMEPAGE' should be set [branch:true]
recipes-plugins/invada-lv2/invada-lv2.bb:1:info:oelint.var.suggestedvar.BUGTRACKER:Variable 'BUGTRACKER' should be set [branch:true]
recipes-plugins/invada-lv2/invada-lv2.bb:1:info:oelint.var.suggestedvar.CVE_PRODUCT:Variable 'CVE_PRODUCT' should be set [branch:true]
recipes-plugins/invada-lv2/invada-lv2.bb:2:warning:oelint.vars.descriptiontoobrief:'DESCRIPTION' is shorter than 'SUMMARY' [branch:true]
recipes-plugins/invada-lv2/invada-lv2.bb:6:warning:oelint.vars.fileextrapaths:'FILESEXTRAPATHS' should be used only in a bbappend file [branch:true]
recipes-plugins/invada-lv2/invada-lv2.bb:6:warning:oelint.vars.outofcontext:FILESEXTRAPATHS should be only set in bbappend(s) [branch:true]
recipes-plugins/invada-lv2/invada-lv2.bb:11:warning:oelint.file.patchsignedoff:Patch '0003-pass_flags.patch' should contain a Signed-off-by entry [branch:true]
recipes-plugins/invada-lv2/invada-lv2.bb:11:warning:oelint.file.patchsignedoff:Patch '0004-update_ttls.patch' should contain a Signed-off-by entry [branch:true]
recipes-plugins/invada-lv2/invada-lv2.bb:11:warning:oelint.file.patchsignedoff:Patch '0005-no_gui.patch' should contain a Signed-off-by entry [branch:true]
recipes-plugins/invada-lv2/invada-lv2.bb:11:warning:oelint.file.patchsignedoff:Patch '0002-fixed_wrong_graph_in_compressor_gui.patch' should contain a Signed-off-by entry [branch:true]
recipes-plugins/invada-lv2/invada-lv2.bb:11:warning:oelint.file.patchsignedoff:Patch '0001-find_lv2_ui_header.patch' should contain a Signed-off-by entry [branch:true]
recipes-plugins/invada-lv2/invada-lv2.bb:11:warning:oelint.file.patchsignedoff:Patch '0007-LDFLAGS-provided-by-yocto-are-wrong-Wl-O1.patch' should contain a Signed-off-by entry [branch:true]
recipes-plugins/invada-lv2/invada-lv2.bb:11:warning:oelint.file.patchsignedoff:Patch '0006-add_mod_brand_and_label.patch' should contain a Signed-off-by entry [branch:true]
recipes-plugins/invada-lv2/invada-lv2.bb:11:info:oelint.file.upstreamstatus:Patch '0002-fixed_wrong_graph_in_compressor_gui.patch' should contain an Upstream-Status entry [branch:true]
recipes-plugins/invada-lv2/invada-lv2.bb:11:info:oelint.file.upstreamstatus:Patch '0007-LDFLAGS-provided-by-yocto-are-wrong-Wl-O1.patch' should contain an Upstream-Status entry [branch:true]
recipes-plugins/invada-lv2/invada-lv2.bb:11:info:oelint.file.upstreamstatus:Patch '0005-no_gui.patch' should contain an Upstream-Status entry [branch:true]
recipes-plugins/invada-lv2/invada-lv2.bb:11:info:oelint.file.upstreamstatus:Patch '0003-pass_flags.patch' should contain an Upstream-Status entry [branch:true]
recipes-plugins/invada-lv2/invada-lv2.bb:11:info:oelint.file.upstreamstatus:Patch '0001-find_lv2_ui_header.patch' should contain an Upstream-Status entry [branch:true]
recipes-plugins/invada-lv2/invada-lv2.bb:11:info:oelint.file.upstreamstatus:Patch '0004-update_ttls.patch' should contain an Upstream-Status entry [branch:true]
recipes-plugins/invada-lv2/invada-lv2.bb:11:info:oelint.file.upstreamstatus:Patch '0006-add_mod_brand_and_label.patch' should contain an Upstream-Status entry [branch:true]
recipes-plugins/invada-lv2/invada-lv2.bb:21:error:oelint.vars.srcurichecksum:md5sum is deprecated. It can be removed. [branch:true]
recipes-plugins/invada-lv2/invada-lv2.bb:24:error:oelint.vars.unpackdir:Use ${UNPACKDIR} instead of ${WORKDIR} [branch:true]
recipes-plugins/invada-lv2/invada-lv2.bb:30:error:oelint.vars.insaneskip:INSANE_SKIP should be avoided at any cost [branch:true]
recipes-plugins/invada-lv2/invada-lv2.bb:48:warning:oelint.var.order.DEPENDS:'DEPENDS' should be placed before 'S' [branch:true]
recipes-plugins/invada-lv2/invada-lv2.bb:48:error:oelint.vars.dependsappend:DEPENDS should only be appended, not overwritten after an include or inherit [branch:true]
recipes-plugins/invada-lv2/invada-lv2.bb:55:warning:oelint.var.filesoverride:'FILES' should not be overridden [branch:true]
recipes-plugins/invada-lv2/invada-lv2.bb:55:warning:oelint.var.order.FILES:'FILES' should be placed before 'RDEPENDS' [branch:true]
recipes-plugins/loopor/loopor.bb:1:error:oelint.file.underscores:Filename should contain at least one '_' in the end [branch:true]
recipes-plugins/loopor/loopor.bb:1:info:oelint.var.bbclassextend:BBCLASSEXTEND should be set if possible [branch:true]
recipes-plugins/loopor/loopor.bb:1:error:oelint.var.mandatoryvar.HOMEPAGE:Variable 'HOMEPAGE' should be set [branch:true]
recipes-plugins/loopor/loopor.bb:1:info:oelint.var.suggestedvar.BUGTRACKER:Variable 'BUGTRACKER' should be set [branch:true]
recipes-plugins/loopor/loopor.bb:1:info:oelint.var.suggestedvar.CVE_PRODUCT:Variable 'CVE_PRODUCT' should be set [branch:true]
recipes-plugins/loopor/loopor.bb:2:warning:oelint.vars.descriptiontoobrief:'DESCRIPTION' is shorter than 'SUMMARY' [branch:true]
recipes-plugins/loopor/loopor.bb:9:warning:oelint.vars.spacesassignment:Suggest spaces around assignment. E.g. 'FOO = "BAR"' [branch:true]
recipes-plugins/loopor/loopor.bb:15:warning:oelint.vars.spacesassignment:Suggest spaces around assignment. E.g. 'FOO = "BAR"' [branch:true]
recipes-plugins/loopor/loopor.bb:17:error:oelint.vars.unpackdir:Use ${UNPACKDIR} instead of ${WORKDIR} [branch:true]
recipes-plugins/loopor/loopor.bb:33:warning:oelint.var.order.DEPENDS:'DEPENDS' should be placed before 'S' [branch:true]
recipes-plugins/loopor/loopor.bb:37:warning:oelint.var.filesoverride:'FILES' should not be overridden [branch:true]
recipes-plugins/lsp-plugins/lsp-plugins.bb:1:error:oelint.file.underscores:Filename should contain at least one '_' in the end [branch:true]
recipes-plugins/lsp-plugins/lsp-plugins.bb:1:info:oelint.var.bbclassextend:BBCLASSEXTEND should be set if possible [branch:true]
recipes-plugins/lsp-plugins/lsp-plugins.bb:1:error:oelint.var.mandatoryvar.HOMEPAGE:Variable 'HOMEPAGE' should be set [branch:true]
recipes-plugins/lsp-plugins/lsp-plugins.bb:1:info:oelint.var.suggestedvar.BUGTRACKER:Variable 'BUGTRACKER' should be set [branch:true]
recipes-plugins/lsp-plugins/lsp-plugins.bb:1:info:oelint.var.suggestedvar.CVE_PRODUCT:Variable 'CVE_PRODUCT' should be set [branch:true]
recipes-plugins/lsp-plugins/lsp-plugins.bb:7:warning:oelint.vars.fileextrapaths:'FILESEXTRAPATHS' should be used only in a bbappend file [branch:true]
recipes-plugins/lsp-plugins/lsp-plugins.bb:7:warning:oelint.vars.outofcontext:FILESEXTRAPATHS should be only set in bbappend(s) [branch:true]
recipes-plugins/lsp-plugins/lsp-plugins.bb:10:error:oelint.vars.insaneskip:INSANE_SKIP should be avoided at any cost [branch:true]
recipes-plugins/lsp-plugins/lsp-plugins.bb:13:warning:oelint.file.patchsignedoff:Patch 'change-lv2path-behaviour.patch' should contain a Signed-off-by entry [branch:true]
recipes-plugins/lsp-plugins/lsp-plugins.bb:13:info:oelint.file.upstreamstatus:Patch 'change-lv2path-behaviour.patch' should contain an Upstream-Status entry [branch:true]
recipes-plugins/lsp-plugins/lsp-plugins.bb:24:warning:oelint.vars.spacesassignment:Suggest spaces around assignment. E.g. 'FOO = "BAR"' [branch:true]
recipes-plugins/lsp-plugins/lsp-plugins.bb:26:error:oelint.vars.unpackdir:Use ${UNPACKDIR} instead of ${WORKDIR} [branch:true]
recipes-plugins/lsp-plugins/lsp-plugins.bb:28:warning:oelint.var.order.PV:'PV' should be placed before 'S' [branch:true]
recipes-plugins/lsp-plugins/lsp-plugins.bb:45:error:oelint.task.nocopy:'cp' shall not be used in do_install. Use 'install' [branch:true]
recipes-plugins/lsp-plugins/lsp-plugins.bb:48:error:oelint.task.nocopy:'cp' shall not be used in do_install. Use 'install' [branch:true]
recipes-plugins/lsp-plugins/lsp-plugins.bb:52:error:oelint.task.nocopy:'cp' shall not be used in do_install. Use 'install' [branch:true]
recipes-plugins/lsp-plugins/lsp-plugins.bb:58:warning:oelint.var.order.DEPENDS:'DEPENDS' should be placed before 'PV' [branch:true]
recipes-plugins/lsp-plugins/lsp-plugins.bb:58:warning:oelint.vars.dependsordered:'DEPENDS' entries should be ordered alphabetically [branch:true]
recipes-plugins/lsp-plugins/lsp-plugins.bb:66:warning:oelint.var.filesoverride:'FILES' should not be overridden [branch:true]
recipes-plugins/mod-ams-lv2/mod-ams-lv2.bb:1:error:oelint.file.underscores:Filename should contain at least one '_' in the end [branch:true]
recipes-plugins/mod-ams-lv2/mod-ams-lv2.bb:1:info:oelint.var.bbclassextend:BBCLASSEXTEND should be set if possible [branch:true]
recipes-plugins/mod-ams-lv2/mod-ams-lv2.bb:1:error:oelint.var.mandatoryvar.HOMEPAGE:Variable 'HOMEPAGE' should be set [branch:true]
recipes-plugins/mod-ams-lv2/mod-ams-lv2.bb:1:info:oelint.var.suggestedvar.BUGTRACKER:Variable 'BUGTRACKER' should be set [branch:true]
recipes-plugins/mod-ams-lv2/mod-ams-lv2.bb:1:info:oelint.var.suggestedvar.CVE_PRODUCT:Variable 'CVE_PRODUCT' should be set [branch:true]
recipes-plugins/mod-ams-lv2/mod-ams-lv2.bb:8:error:oelint.vars.unpackdir:Use ${UNPACKDIR} instead of ${WORKDIR} [branch:true]
recipes-plugins/mod-ams-lv2/mod-ams-lv2.bb:11:warning:oelint.file.patchsignedoff:Patch '0001-We-re-using-lvtk-version-2.0.0.patch' should contain a Signed-off-by entry [branch:true]
recipes-plugins/mod-ams-lv2/mod-ams-lv2.bb:11:warning:oelint.file.patchsignedoff:Patch 'limit_frequency.patch' should contain a Signed-off-by entry [branch:true]
recipes-plugins/mod-ams-lv2/mod-ams-lv2.bb:11:warning:oelint.file.patchsignedoff:Patch '0002-Adjusted-includes-for-lvtk-2.0.0.patch' should contain a Signed-off-by entry [branch:true]
recipes-plugins/mod-ams-lv2/mod-ams-lv2.bb:11:info:oelint.file.upstreamstatus:Patch 'limit_frequency.patch' should contain an Upstream-Status entry [branch:true]
recipes-plugins/mod-ams-lv2/mod-ams-lv2.bb:11:info:oelint.file.upstreamstatus:Patch '0001-We-re-using-lvtk-version-2.0.0.patch' should contain an Upstream-Status entry [branch:true]
recipes-plugins/mod-ams-lv2/mod-ams-lv2.bb:11:info:oelint.file.upstreamstatus:Patch '0002-Adjusted-includes-for-lvtk-2.0.0.patch' should contain an Upstream-Status entry [branch:true]
recipes-plugins/mod-ams-lv2/mod-ams-lv2.bb:11:warning:oelint.var.order.SRC_URI:'SRC_URI' should be placed before 'S' [branch:true]
recipes-plugins/mod-ams-lv2/mod-ams-lv2.bb:17:warning:oelint.vars.spacesassignment:Suggest spaces around assignment. E.g. 'FOO = "BAR"' [branch:true]
recipes-plugins/mod-ams-lv2/mod-ams-lv2.bb:27:warning:oelint.var.order.DEPENDS:'DEPENDS' should be placed before 'EXTRA_OECONF' [branch:true]
recipes-plugins/mod-ams-lv2/mod-ams-lv2.bb:27:error:oelint.vars.dependsappend:DEPENDS should only be appended, not overwritten after an include or inherit [branch:true]
recipes-plugins/mod-ams-lv2/mod-ams-lv2.bb:35:warning:oelint.var.filesoverride:'FILES' should not be overridden [branch:true]
recipes-plugins/mod-ams-lv2/mod-ams-lv2.bb:35:warning:oelint.var.order.FILES:'FILES' should be placed before 'RDEPENDS' [branch:true]
recipes-plugins/mod-cabsim-ir-loader/mod-cabsim-ir-loader.bb:1:error:oelint.file.underscores:Filename should contain at least one '_' in the end [branch:true]
recipes-plugins/mod-cabsim-ir-loader/mod-cabsim-ir-loader.bb:1:info:oelint.var.bbclassextend:BBCLASSEXTEND should be set if possible [branch:true]
recipes-plugins/mod-cabsim-ir-loader/mod-cabsim-ir-loader.bb:1:error:oelint.var.mandatoryvar.HOMEPAGE:Variable 'HOMEPAGE' should be set [branch:true]
recipes-plugins/mod-cabsim-ir-loader/mod-cabsim-ir-loader.bb:1:info:oelint.var.suggestedvar.BUGTRACKER:Variable 'BUGTRACKER' should be set [branch:true]
recipes-plugins/mod-cabsim-ir-loader/mod-cabsim-ir-loader.bb:1:info:oelint.var.suggestedvar.CVE_PRODUCT:Variable 'CVE_PRODUCT' should be set [branch:true]
recipes-plugins/mod-cabsim-ir-loader/mod-cabsim-ir-loader.bb:4:warning:oelint.vars.descriptiontoobrief:'DESCRIPTION' is shorter than 'SUMMARY' [branch:true]
recipes-plugins/mod-cabsim-ir-loader/mod-cabsim-ir-loader.bb:8:warning:oelint.vars.fileextrapaths:'FILESEXTRAPATHS' should be used only in a bbappend file [branch:true]
recipes-plugins/mod-cabsim-ir-loader/mod-cabsim-ir-loader.bb:8:warning:oelint.vars.outofcontext:FILESEXTRAPATHS should be only set in bbappend(s) [branch:true]
recipes-plugins/mod-cabsim-ir-loader/mod-cabsim-ir-loader.bb:11:warning:oelint.file.patchsignedoff:Patch '01-fix-installation-paths.patch' should contain a Signed-off-by entry [branch:true]
recipes-plugins/mod-cabsim-ir-loader/mod-cabsim-ir-loader.bb:11:info:oelint.file.upstreamstatus:Patch '01-fix-installation-paths.patch' should contain an Upstream-Status entry [branch:true]
recipes-plugins/mod-cabsim-ir-loader/mod-cabsim-ir-loader.bb:16:warning:oelint.vars.spacesassignment:Suggest spaces around assignment. E.g. 'FOO = "BAR"' [branch:true]
recipes-plugins/mod-cabsim-ir-loader/mod-cabsim-ir-loader.bb:18:error:oelint.vars.unpackdir:Use ${UNPACKDIR} instead of ${WORKDIR} [branch:true]
recipes-plugins/mod-cabsim-ir-loader/mod-cabsim-ir-loader.bb:28:error:oelint.task.nocopy:'cp' shall not be used in do_install. Use 'install' [branch:true]
recipes-plugins/mod-cabsim-ir-loader/mod-cabsim-ir-loader.bb:31:warning:oelint.var.order.DEPENDS:'DEPENDS' should be placed before 'S' [branch:true]
recipes-plugins/mod-cabsim-ir-loader/mod-cabsim-ir-loader.bb:31:error:oelint.vars.dependsappend:DEPENDS should only be appended, not overwritten after an include or inherit [branch:true]
recipes-plugins/mod-cabsim-ir-loader/mod-cabsim-ir-loader.bb:31:warning:oelint.vars.dependsordered:'DEPENDS' entries should be ordered alphabetically [branch:true]
recipes-plugins/mod-cabsim-ir-loader/mod-cabsim-ir-loader.bb:41:warning:oelint.var.filesoverride:'FILES' should not be overridden [branch:true]
recipes-plugins/mod-cabsim-ir-loader/mod-cabsim-ir-loader.bb:41:warning:oelint.var.order.FILES:'FILES' should be placed before 'RDEPENDS' [branch:true]
recipes-plugins/mod-cv-plugins/mod-cv-plugins.bb:1:error:oelint.file.underscores:Filename should contain at least one '_' in the end [branch:true]
recipes-plugins/mod-cv-plugins/mod-cv-plugins.bb:1:info:oelint.var.bbclassextend:BBCLASSEXTEND should be set if possible [branch:true]
recipes-plugins/mod-cv-plugins/mod-cv-plugins.bb:1:error:oelint.var.mandatoryvar.HOMEPAGE:Variable 'HOMEPAGE' should be set [branch:true]
recipes-plugins/mod-cv-plugins/mod-cv-plugins.bb:1:info:oelint.var.suggestedvar.BUGTRACKER:Variable 'BUGTRACKER' should be set [branch:true]
recipes-plugins/mod-cv-plugins/mod-cv-plugins.bb:1:info:oelint.var.suggestedvar.CVE_PRODUCT:Variable 'CVE_PRODUCT' should be set [branch:true]
recipes-plugins/mod-cv-plugins/mod-cv-plugins.bb:4:warning:oelint.vars.descriptiontoobrief:'DESCRIPTION' is shorter than 'SUMMARY' [branch:true]
recipes-plugins/mod-cv-plugins/mod-cv-plugins.bb:12:warning:oelint.vars.spacesassignment:Suggest spaces around assignment. E.g. 'FOO = "BAR"' [branch:true]
recipes-plugins/mod-cv-plugins/mod-cv-plugins.bb:18:warning:oelint.vars.spacesassignment:Suggest spaces around assignment. E.g. 'FOO = "BAR"' [branch:true]
recipes-plugins/mod-cv-plugins/mod-cv-plugins.bb:20:error:oelint.vars.unpackdir:Use ${UNPACKDIR} instead of ${WORKDIR} [branch:true]
recipes-plugins/mod-cv-plugins/mod-cv-plugins.bb:65:warning:oelint.var.order.DEPENDS:'DEPENDS' should be placed before 'S' [branch:true]
recipes-plugins/mod-cv-plugins/mod-cv-plugins.bb:69:warning:oelint.var.filesoverride:'FILES' should not be overridden [branch:true]
recipes-plugins/mod-distortion/mod-distortion.bb:1:error:oelint.file.underscores:Filename should contain at least one '_' in the end [branch:true]
recipes-plugins/mod-distortion/mod-distortion.bb:1:info:oelint.var.bbclassextend:BBCLASSEXTEND should be set if possible [branch:true]
recipes-plugins/mod-distortion/mod-distortion.bb:1:error:oelint.var.mandatoryvar.HOMEPAGE:Variable 'HOMEPAGE' should be set [branch:true]
recipes-plugins/mod-distortion/mod-distortion.bb:1:info:oelint.var.suggestedvar.BUGTRACKER:Variable 'BUGTRACKER' should be set [branch:true]
recipes-plugins/mod-distortion/mod-distortion.bb:1:info:oelint.var.suggestedvar.CVE_PRODUCT:Variable 'CVE_PRODUCT' should be set [branch:true]
recipes-plugins/mod-distortion/mod-distortion.bb:2:warning:oelint.vars.descriptiontoobrief:'DESCRIPTION' is shorter than 'SUMMARY' [branch:true]
recipes-plugins/mod-distortion/mod-distortion.bb:7:error:oelint.vars.insaneskip:INSANE_SKIP should be avoided at any cost [branch:true]
recipes-plugins/mod-distortion/mod-distortion.bb:10:error:oelint.vars.unpackdir:Use ${UNPACKDIR} instead of ${WORKDIR} [branch:true]
recipes-plugins/mod-distortion/mod-distortion.bb:13:warning:oelint.var.order.SRC_URI:'SRC_URI' should be placed before 'S' [branch:true]
recipes-plugins/mod-distortion/mod-distortion.bb:16:warning:oelint.vars.spacesassignment:Suggest spaces around assignment. E.g. 'FOO = "BAR"' [branch:true]
recipes-plugins/mod-distortion/mod-distortion.bb:41:warning:oelint.var.order.DEPENDS:'DEPENDS' should be placed before 'SRCREV' [branch:true]
recipes-plugins/mod-distortion/mod-distortion.bb:41:warning:oelint.vars.dependsordered:'DEPENDS' entries should be ordered alphabetically [branch:true]
recipes-plugins/mod-distortion/mod-distortion.bb:49:warning:oelint.var.filesoverride:'FILES' should not be overridden [branch:true]
recipes-plugins/mod-distortion/mod-distortion.bb:49:warning:oelint.var.order.FILES:'FILES' should be placed before 'RDEPENDS' [branch:true]
recipes-plugins/mod-mda-lv2/mod-mda-lv2.bb:1:error:oelint.file.underscores:Filename should contain at least one '_' in the end [branch:true]
recipes-plugins/mod-mda-lv2/mod-mda-lv2.bb:1:info:oelint.var.bbclassextend:BBCLASSEXTEND should be set if possible [branch:true]
recipes-plugins/mod-mda-lv2/mod-mda-lv2.bb:1:error:oelint.var.mandatoryvar.HOMEPAGE:Variable 'HOMEPAGE' should be set [branch:true]
recipes-plugins/mod-mda-lv2/mod-mda-lv2.bb:1:info:oelint.var.suggestedvar.BUGTRACKER:Variable 'BUGTRACKER' should be set [branch:true]
recipes-plugins/mod-mda-lv2/mod-mda-lv2.bb:1:info:oelint.var.suggestedvar.CVE_PRODUCT:Variable 'CVE_PRODUCT' should be set [branch:true]
recipes-plugins/mod-mda-lv2/mod-mda-lv2.bb:2:warning:oelint.vars.descriptiontoobrief:'DESCRIPTION' is shorter than 'SUMMARY' [branch:true]
recipes-plugins/mod-mda-lv2/mod-mda-lv2.bb:8:error:oelint.vars.insaneskip:INSANE_SKIP should be avoided at any cost [branch:true]
recipes-plugins/mod-mda-lv2/mod-mda-lv2.bb:10:error:oelint.vars.unpackdir:Use ${UNPACKDIR} instead of ${WORKDIR} [branch:true]
recipes-plugins/mod-mda-lv2/mod-mda-lv2.bb:13:warning:oelint.var.order.SRC_URI:'SRC_URI' should be placed before 'S' [branch:true]
recipes-plugins/mod-mda-lv2/mod-mda-lv2.bb:16:warning:oelint.vars.spacesassignment:Suggest spaces around assignment. E.g. 'FOO = "BAR"' [branch:true]
recipes-plugins/mod-mda-lv2/mod-mda-lv2.bb:28:warning:oelint.var.order.DEPENDS:'DEPENDS' should be placed before 'EXTRA_OECONF' [branch:true]
recipes-plugins/mod-mda-lv2/mod-mda-lv2.bb:28:error:oelint.vars.dependsappend:DEPENDS should only be appended, not overwritten after an include or inherit [branch:true]
recipes-plugins/mod-mda-lv2/mod-mda-lv2.bb:28:warning:oelint.vars.dependsordered:'DEPENDS' entries should be ordered alphabetically [branch:true]
recipes-plugins/mod-mda-lv2/mod-mda-lv2.bb:36:warning:oelint.var.filesoverride:'FILES' should not be overridden [branch:true]
recipes-plugins/mod-mda-lv2/mod-mda-lv2.bb:36:warning:oelint.var.order.FILES:'FILES' should be placed before 'RDEPENDS' [branch:true]
recipes-plugins/mod-midi-utilities/mod-midi-utilities.bb:1:error:oelint.file.underscores:Filename should contain at least one '_' in the end [branch:true]
recipes-plugins/mod-midi-utilities/mod-midi-utilities.bb:1:info:oelint.var.bbclassextend:BBCLASSEXTEND should be set if possible [branch:true]
recipes-plugins/mod-midi-utilities/mod-midi-utilities.bb:1:error:oelint.var.mandatoryvar.DESCRIPTION:Variable 'DESCRIPTION' should be set [branch:true]
recipes-plugins/mod-midi-utilities/mod-midi-utilities.bb:1:error:oelint.var.mandatoryvar.HOMEPAGE:Variable 'HOMEPAGE' should be set [branch:true]
recipes-plugins/mod-midi-utilities/mod-midi-utilities.bb:1:error:oelint.var.mandatoryvar.SUMMARY:Variable 'SUMMARY' should be set [branch:true]
recipes-plugins/mod-midi-utilities/mod-midi-utilities.bb:1:info:oelint.var.suggestedvar.BUGTRACKER:Variable 'BUGTRACKER' should be set [branch:true]
recipes-plugins/mod-midi-utilities/mod-midi-utilities.bb:1:info:oelint.var.suggestedvar.CVE_PRODUCT:Variable 'CVE_PRODUCT' should be set [branch:true]
recipes-plugins/mod-midi-utilities/mod-midi-utilities.bb:1:info:oelint.var.suggestedvar.SECTION:Variable 'SECTION' should be set [branch:true]
recipes-plugins/mod-midi-utilities/mod-midi-utilities.bb:9:warning:oelint.vars.spacesassignment:Suggest spaces around assignment. E.g. 'FOO = "BAR"' [branch:true]
recipes-plugins/mod-midi-utilities/mod-midi-utilities.bb:11:error:oelint.vars.unpackdir:Use ${UNPACKDIR} instead of ${WORKDIR} [branch:true]
recipes-plugins/mod-midi-utilities/mod-midi-utilities.bb:42:warning:oelint.var.order.DEPENDS:'DEPENDS' should be placed before 'S' [branch:true]
recipes-plugins/mod-midi-utilities/mod-midi-utilities.bb:46:warning:oelint.var.filesoverride:'FILES' should not be overridden [branch:true]
recipes-plugins/mod-pitchshifter/mod-pitchshifter.bb:1:error:oelint.file.underscores:Filename should contain at least one '_' in the end [branch:true]
recipes-plugins/mod-pitchshifter/mod-pitchshifter.bb:1:info:oelint.var.bbclassextend:BBCLASSEXTEND should be set if possible [branch:true]
recipes-plugins/mod-pitchshifter/mod-pitchshifter.bb:1:error:oelint.var.mandatoryvar.DESCRIPTION:Variable 'DESCRIPTION' should be set [branch:true]
recipes-plugins/mod-pitchshifter/mod-pitchshifter.bb:1:error:oelint.var.mandatoryvar.HOMEPAGE:Variable 'HOMEPAGE' should be set [branch:true]
recipes-plugins/mod-pitchshifter/mod-pitchshifter.bb:1:error:oelint.var.mandatoryvar.SUMMARY:Variable 'SUMMARY' should be set [branch:true]
recipes-plugins/mod-pitchshifter/mod-pitchshifter.bb:1:info:oelint.var.suggestedvar.BUGTRACKER:Variable 'BUGTRACKER' should be set [branch:true]
recipes-plugins/mod-pitchshifter/mod-pitchshifter.bb:1:info:oelint.var.suggestedvar.CVE_PRODUCT:Variable 'CVE_PRODUCT' should be set [branch:true]
recipes-plugins/mod-pitchshifter/mod-pitchshifter.bb:1:info:oelint.var.suggestedvar.SECTION:Variable 'SECTION' should be set [branch:true]
recipes-plugins/mod-pitchshifter/mod-pitchshifter.bb:6:error:oelint.vars.insaneskip:INSANE_SKIP should be avoided at any cost [branch:true]
recipes-plugins/mod-pitchshifter/mod-pitchshifter.bb:9:error:oelint.vars.unpackdir:Use ${UNPACKDIR} instead of ${WORKDIR} [branch:true]
recipes-plugins/mod-pitchshifter/mod-pitchshifter.bb:12:warning:oelint.var.order.SRC_URI:'SRC_URI' should be placed before 'S' [branch:true]
recipes-plugins/mod-pitchshifter/mod-pitchshifter.bb:15:warning:oelint.vars.spacesassignment:Suggest spaces around assignment. E.g. 'FOO = "BAR"' [branch:true]
recipes-plugins/mod-pitchshifter/mod-pitchshifter.bb:42:warning:oelint.var.order.DEPENDS:'DEPENDS' should be placed before 'SRCREV' [branch:true]
recipes-plugins/mod-pitchshifter/mod-pitchshifter.bb:42:warning:oelint.vars.dependsordered:'DEPENDS' entries should be ordered alphabetically [branch:true]
recipes-plugins/mod-pitchshifter/mod-pitchshifter.bb:52:warning:oelint.var.filesoverride:'FILES' should not be overridden [branch:true]
recipes-plugins/mod-pitchshifter/mod-pitchshifter.bb:52:warning:oelint.var.order.FILES:'FILES' should be placed before 'RDEPENDS' [branch:true]
recipes-plugins/mod-utilities/mod-utilities.bb:1:error:oelint.file.underscores:Filename should contain at least one '_' in the end [branch:true]
recipes-plugins/mod-utilities/mod-utilities.bb:1:info:oelint.var.bbclassextend:BBCLASSEXTEND should be set if possible [branch:true]
recipes-plugins/mod-utilities/mod-utilities.bb:1:error:oelint.var.mandatoryvar.DESCRIPTION:Variable 'DESCRIPTION' should be set [branch:true]
recipes-plugins/mod-utilities/mod-utilities.bb:1:error:oelint.var.mandatoryvar.HOMEPAGE:Variable 'HOMEPAGE' should be set [branch:true]
recipes-plugins/mod-utilities/mod-utilities.bb:1:error:oelint.var.mandatoryvar.SUMMARY:Variable 'SUMMARY' should be set [branch:true]
recipes-plugins/mod-utilities/mod-utilities.bb:1:info:oelint.var.suggestedvar.BUGTRACKER:Variable 'BUGTRACKER' should be set [branch:true]
recipes-plugins/mod-utilities/mod-utilities.bb:1:info:oelint.var.suggestedvar.CVE_PRODUCT:Variable 'CVE_PRODUCT' should be set [branch:true]
recipes-plugins/mod-utilities/mod-utilities.bb:1:info:oelint.var.suggestedvar.SECTION:Variable 'SECTION' should be set [branch:true]
recipes-plugins/mod-utilities/mod-utilities.bb:5:error:oelint.vars.insaneskip:INSANE_SKIP should be avoided at any cost [branch:true]
recipes-plugins/mod-utilities/mod-utilities.bb:8:error:oelint.vars.unpackdir:Use ${UNPACKDIR} instead of ${WORKDIR} [branch:true]
recipes-plugins/mod-utilities/mod-utilities.bb:11:warning:oelint.var.order.SRC_URI:'SRC_URI' should be placed before 'S' [branch:true]
recipes-plugins/mod-utilities/mod-utilities.bb:14:warning:oelint.vars.spacesassignment:Suggest spaces around assignment. E.g. 'FOO = "BAR"' [branch:true]
recipes-plugins/mod-utilities/mod-utilities.bb:59:warning:oelint.var.order.DEPENDS:'DEPENDS' should be placed before 'SRCREV' [branch:true]
recipes-plugins/mod-utilities/mod-utilities.bb:59:error:oelint.vars.dependsappend:DEPENDS should only be appended, not overwritten after an include or inherit [branch:true]
recipes-plugins/mod-utilities/mod-utilities.bb:68:warning:oelint.var.filesoverride:'FILES' should not be overridden [branch:true]
recipes-plugins/mod-utilities/mod-utilities.bb:68:warning:oelint.var.order.FILES:'FILES' should be placed before 'RDEPENDS' [branch:true]
recipes-plugins/modmeter/modmeter.bb:1:error:oelint.file.underscores:Filename should contain at least one '_' in the end [branch:true]
recipes-plugins/modmeter/modmeter.bb:1:info:oelint.var.bbclassextend:BBCLASSEXTEND should be set if possible [branch:true]
recipes-plugins/modmeter/modmeter.bb:1:error:oelint.var.mandatoryvar.DESCRIPTION:Variable 'DESCRIPTION' should be set [branch:true]
recipes-plugins/modmeter/modmeter.bb:1:error:oelint.var.mandatoryvar.HOMEPAGE:Variable 'HOMEPAGE' should be set [branch:true]
recipes-plugins/modmeter/modmeter.bb:1:error:oelint.var.mandatoryvar.SUMMARY:Variable 'SUMMARY' should be set [branch:true]
recipes-plugins/modmeter/modmeter.bb:1:info:oelint.var.suggestedvar.BUGTRACKER:Variable 'BUGTRACKER' should be set [branch:true]
recipes-plugins/modmeter/modmeter.bb:1:info:oelint.var.suggestedvar.CVE_PRODUCT:Variable 'CVE_PRODUCT' should be set [branch:true]
recipes-plugins/modmeter/modmeter.bb:1:info:oelint.var.suggestedvar.SECTION:Variable 'SECTION' should be set [branch:true]
recipes-plugins/modmeter/modmeter.bb:5:error:oelint.vars.insaneskip:INSANE_SKIP should be avoided at any cost [branch:true]
recipes-plugins/modmeter/modmeter.bb:12:warning:oelint.vars.spacesassignment:Suggest spaces around assignment. E.g. 'FOO = "BAR"' [branch:true]
recipes-plugins/modmeter/modmeter.bb:14:error:oelint.vars.unpackdir:Use ${UNPACKDIR} instead of ${WORKDIR} [branch:true]
recipes-plugins/modmeter/modmeter.bb:24:warning:oelint.var.order.DEPENDS:'DEPENDS' should be placed before 'S' [branch:true]
recipes-plugins/modmeter/modmeter.bb:24:error:oelint.vars.dependsappend:DEPENDS should only be appended, not overwritten after an include or inherit [branch:true]
recipes-plugins/modmeter/modmeter.bb:31:warning:oelint.var.filesoverride:'FILES' should not be overridden [branch:true]
recipes-plugins/modmeter/modmeter.bb:31:warning:oelint.var.order.FILES:'FILES' should be placed before 'RDEPENDS' [branch:true]
recipes-plugins/modspectre/modspectre.bb:1:error:oelint.file.underscores:Filename should contain at least one '_' in the end [branch:true]
recipes-plugins/modspectre/modspectre.bb:1:info:oelint.var.bbclassextend:BBCLASSEXTEND should be set if possible [branch:true]
recipes-plugins/modspectre/modspectre.bb:1:error:oelint.var.mandatoryvar.HOMEPAGE:Variable 'HOMEPAGE' should be set [branch:true]
recipes-plugins/modspectre/modspectre.bb:1:info:oelint.var.suggestedvar.BUGTRACKER:Variable 'BUGTRACKER' should be set [branch:true]
recipes-plugins/modspectre/modspectre.bb:1:info:oelint.var.suggestedvar.CVE_PRODUCT:Variable 'CVE_PRODUCT' should be set [branch:true]
recipes-plugins/modspectre/modspectre.bb:2:warning:oelint.vars.descriptiontoobrief:'DESCRIPTION' is shorter than 'SUMMARY' [branch:true]
recipes-plugins/modspectre/modspectre.bb:10:warning:oelint.vars.spacesassignment:Suggest spaces around assignment. E.g. 'FOO = "BAR"' [branch:true]
recipes-plugins/modspectre/modspectre.bb:16:warning:oelint.vars.spacesassignment:Suggest spaces around assignment. E.g. 'FOO = "BAR"' [branch:true]
recipes-plugins/modspectre/modspectre.bb:18:error:oelint.vars.unpackdir:Use ${UNPACKDIR} instead of ${WORKDIR} [branch:true]
recipes-plugins/modspectre/modspectre.bb:28:warning:oelint.var.order.DEPENDS:'DEPENDS' should be placed before 'S' [branch:true]
recipes-plugins/modspectre/modspectre.bb:28:warning:oelint.vars.dependsordered:'DEPENDS' entries should be ordered alphabetically [branch:true]
recipes-plugins/modspectre/modspectre.bb:33:warning:oelint.var.filesoverride:'FILES' should not be overridden [branch:true]
recipes-plugins/oneknob-series/oneknob-series.bb:1:error:oelint.file.underscores:Filename should contain at least one '_' in the end [branch:true]
recipes-plugins/oneknob-series/oneknob-series.bb:1:info:oelint.var.bbclassextend:BBCLASSEXTEND should be set if possible [branch:true]
recipes-plugins/oneknob-series/oneknob-series.bb:1:info:oelint.var.suggestedvar.BUGTRACKER:Variable 'BUGTRACKER' should be set [branch:true]
recipes-plugins/oneknob-series/oneknob-series.bb:1:info:oelint.var.suggestedvar.CVE_PRODUCT:Variable 'CVE_PRODUCT' should be set [branch:true]
recipes-plugins/oneknob-series/oneknob-series.bb:6:warning:oelint.var.licenseremotefile:License-File should be a remote file [branch:true]
recipes-plugins/oneknob-series/oneknob-series.bb:9:error:oelint.vars.insaneskip:INSANE_SKIP should be avoided at any cost [branch:true]
recipes-plugins/oneknob-series/oneknob-series.bb:15:warning:oelint.file.patchsignedoff:Patch 'conv-fix-crash-short-irs.patch' should contain a Signed-off-by entry [branch:true]
recipes-plugins/oneknob-series/oneknob-series.bb:15:info:oelint.file.upstreamstatus:Patch 'conv-fix-crash-short-irs.patch' should contain an Upstream-Status entry [branch:true]
recipes-plugins/oneknob-series/oneknob-series.bb:19:warning:oelint.vars.spacesassignment:Suggest spaces around assignment. E.g. 'FOO = "BAR"' [branch:true]
recipes-plugins/oneknob-series/oneknob-series.bb:21:error:oelint.vars.unpackdir:Use ${UNPACKDIR} instead of ${WORKDIR} [branch:true]
recipes-plugins/oneknob-series/oneknob-series.bb:37:error:oelint.task.nocopy:'cp' shall not be used in do_install. Use 'install' [branch:true]
recipes-plugins/oneknob-series/oneknob-series.bb:38:error:oelint.task.nocopy:'cp' shall not be used in do_install. Use 'install' [branch:true]
recipes-plugins/oneknob-series/oneknob-series.bb:42:warning:oelint.var.order.DEPENDS:'DEPENDS' should be placed before 'S' [branch:true]
recipes-plugins/oneknob-series/oneknob-series.bb:47:warning:oelint.var.filesoverride:'FILES' should not be overridden [branch:true]
recipes-plugins/rkrlv2/rkrlv2.bb:1:error:oelint.file.underscores:Filename should contain at least one '_' in the end [branch:true]
recipes-plugins/rkrlv2/rkrlv2.bb:1:info:oelint.var.bbclassextend:BBCLASSEXTEND should be set if possible [branch:true]
recipes-plugins/rkrlv2/rkrlv2.bb:1:error:oelint.var.mandatoryvar.HOMEPAGE:Variable 'HOMEPAGE' should be set [branch:true]
recipes-plugins/rkrlv2/rkrlv2.bb:1:info:oelint.var.suggestedvar.BUGTRACKER:Variable 'BUGTRACKER' should be set [branch:true]
recipes-plugins/rkrlv2/rkrlv2.bb:1:info:oelint.var.suggestedvar.CVE_PRODUCT:Variable 'CVE_PRODUCT' should be set [branch:true]
recipes-plugins/rkrlv2/rkrlv2.bb:4:warning:oelint.vars.descriptiontoobrief:'DESCRIPTION' is shorter than 'SUMMARY' [branch:true]
recipes-plugins/rkrlv2/rkrlv2.bb:8:warning:oelint.vars.fileextrapaths:'FILESEXTRAPATHS' should be used only in a bbappend file [branch:true]
recipes-plugins/rkrlv2/rkrlv2.bb:8:warning:oelint.vars.outofcontext:FILESEXTRAPATHS should be only set in bbappend(s) [branch:true]
recipes-plugins/rkrlv2/rkrlv2.bb:15:warning:oelint.file.patchsignedoff:Patch 'Remove-custom-cxx-flags.patch' should contain a Signed-off-by entry [branch:true]
recipes-plugins/rkrlv2/rkrlv2.bb:15:info:oelint.file.upstreamstatus:Patch 'Remove-custom-cxx-flags.patch' should contain an Upstream-Status entry [branch:true]
recipes-plugins/rkrlv2/rkrlv2.bb:19:warning:oelint.vars.spacesassignment:Suggest spaces around assignment. E.g. 'FOO = "BAR"' [branch:true]
recipes-plugins/rkrlv2/rkrlv2.bb:21:error:oelint.vars.unpackdir:Use ${UNPACKDIR} instead of ${WORKDIR} [branch:true]
recipes-plugins/rkrlv2/rkrlv2.bb:28:error:oelint.task.nocopy:'cp' shall not be used in do_install. Use 'install' [branch:true]
recipes-plugins/rkrlv2/rkrlv2.bb:33:error:oelint.task.nocopy:'cp' shall not be used in do_install. Use 'install' [branch:true]
recipes-plugins/rkrlv2/rkrlv2.bb:37:warning:oelint.var.order.DEPENDS:'DEPENDS' should be placed before 'S' [branch:true]
recipes-plugins/rkrlv2/rkrlv2.bb:37:error:oelint.vars.dependsappend:DEPENDS should only be appended, not overwritten after an include or inherit [branch:true]
recipes-plugins/rkrlv2/rkrlv2.bb:37:warning:oelint.vars.dependsordered:'DEPENDS' entries should be ordered alphabetically [branch:true]
recipes-plugins/rkrlv2/rkrlv2.bb:47:warning:oelint.var.filesoverride:'FILES' should not be overridden [branch:true]
recipes-plugins/rkrlv2/rkrlv2.bb:47:warning:oelint.var.order.FILES:'FILES' should be placed before 'RDEPENDS' [branch:true]
recipes-plugins/screcord/screcord.bb:1:error:oelint.file.underscores:Filename should contain at least one '_' in the end [branch:true]
recipes-plugins/screcord/screcord.bb:1:info:oelint.var.bbclassextend:BBCLASSEXTEND should be set if possible [branch:true]
recipes-plugins/screcord/screcord.bb:1:error:oelint.var.mandatoryvar.HOMEPAGE:Variable 'HOMEPAGE' should be set [branch:true]
recipes-plugins/screcord/screcord.bb:1:info:oelint.var.suggestedvar.BUGTRACKER:Variable 'BUGTRACKER' should be set [branch:true]
recipes-plugins/screcord/screcord.bb:1:info:oelint.var.suggestedvar.CVE_PRODUCT:Variable 'CVE_PRODUCT' should be set [branch:true]
recipes-plugins/screcord/screcord.bb:2:warning:oelint.vars.descriptiontoobrief:'DESCRIPTION' is shorter than 'SUMMARY' [branch:true]
recipes-plugins/screcord/screcord.bb:8:error:oelint.vars.insaneskip:INSANE_SKIP should be avoided at any cost [branch:true]
recipes-plugins/screcord/screcord.bb:11:warning:oelint.file.patchsignedoff:Patch 'fix-compilation.patch' should contain a Signed-off-by entry [branch:true]
recipes-plugins/screcord/screcord.bb:11:info:oelint.file.upstreamstatus:Patch 'fix-compilation.patch' should contain an Upstream-Status entry [branch:true]
recipes-plugins/screcord/screcord.bb:15:warning:oelint.vars.spacesassignment:Suggest spaces around assignment. E.g. 'FOO = "BAR"' [branch:true]
recipes-plugins/screcord/screcord.bb:17:error:oelint.vars.unpackdir:Use ${UNPACKDIR} instead of ${WORKDIR} [branch:true]
recipes-plugins/screcord/screcord.bb:21:warning:oelint.var.order.DEPENDS:'DEPENDS' should be placed before 'S' [branch:true]
recipes-plugins/screcord/screcord.bb:21:error:oelint.vars.dependsappend:DEPENDS should only be appended, not overwritten after an include or inherit [branch:true]
recipes-plugins/screcord/screcord.bb:34:warning:oelint.var.filesoverride:'FILES' should not be overridden [branch:true]
recipes-plugins/setbfree-controller/setbfree-controller.bb:1:error:oelint.file.underscores:Filename should contain at least one '_' in the end [branch:true]
recipes-plugins/setbfree-controller/setbfree-controller.bb:1:info:oelint.var.bbclassextend:BBCLASSEXTEND should be set if possible [branch:true]
recipes-plugins/setbfree-controller/setbfree-controller.bb:1:info:oelint.var.suggestedvar.BUGTRACKER:Variable 'BUGTRACKER' should be set [branch:true]
recipes-plugins/setbfree-controller/setbfree-controller.bb:1:info:oelint.var.suggestedvar.CVE_PRODUCT:Variable 'CVE_PRODUCT' should be set [branch:true]
recipes-plugins/setbfree-controller/setbfree-controller.bb:2:warning:oelint.vars.descriptiontoobrief:'DESCRIPTION' is shorter than 'SUMMARY' [branch:true]
recipes-plugins/setbfree-controller/setbfree-controller.bb:4:warning:oelint.var.order.HOMEPAGE:'HOMEPAGE' should be placed before 'SECTION' [branch:true]
recipes-plugins/setbfree-controller/setbfree-controller.bb:15:warning:oelint.vars.spacesassignment:Suggest spaces around assignment. E.g. 'FOO = "BAR"' [branch:true]
recipes-plugins/setbfree-controller/setbfree-controller.bb:17:error:oelint.vars.unpackdir:Use ${UNPACKDIR} instead of ${WORKDIR} [branch:true]
recipes-plugins/setbfree-controller/setbfree-controller.bb:33:warning:oelint.var.order.DEPENDS:'DEPENDS' should be placed before 'S' [branch:true]
recipes-plugins/setbfree-controller/setbfree-controller.bb:33:warning:oelint.vars.dependsordered:'DEPENDS' entries should be ordered alphabetically [branch:true]
recipes-plugins/setbfree-controller/setbfree-controller.bb:38:warning:oelint.var.filesoverride:'FILES' should not be overridden [branch:true]
recipes-plugins/setbfree/setbfree.bb:1:error:oelint.file.underscores:Filename should contain at least one '_' in the end [branch:true]
recipes-plugins/setbfree/setbfree.bb:1:info:oelint.var.bbclassextend:BBCLASSEXTEND should be set if possible [branch:true]
recipes-plugins/setbfree/setbfree.bb:1:error:oelint.var.mandatoryvar.DESCRIPTION:Variable 'DESCRIPTION' should be set [branch:true]
recipes-plugins/setbfree/setbfree.bb:1:error:oelint.var.mandatoryvar.HOMEPAGE:Variable 'HOMEPAGE' should be set [branch:true]
recipes-plugins/setbfree/setbfree.bb:1:error:oelint.var.mandatoryvar.SUMMARY:Variable 'SUMMARY' should be set [branch:true]
recipes-plugins/setbfree/setbfree.bb:1:info:oelint.var.suggestedvar.BUGTRACKER:Variable 'BUGTRACKER' should be set [branch:true]
recipes-plugins/setbfree/setbfree.bb:1:info:oelint.var.suggestedvar.CVE_PRODUCT:Variable 'CVE_PRODUCT' should be set [branch:true]
recipes-plugins/setbfree/setbfree.bb:1:info:oelint.var.suggestedvar.SECTION:Variable 'SECTION' should be set [branch:true]
recipes-plugins/setbfree/setbfree.bb:12:warning:oelint.vars.spacesassignment:Suggest spaces around assignment. E.g. 'FOO = "BAR"' [branch:true]
recipes-plugins/setbfree/setbfree.bb:16:error:oelint.vars.unpackdir:Use ${UNPACKDIR} instead of ${WORKDIR} [branch:true]
recipes-plugins/setbfree/setbfree.bb:39:warning:oelint.var.order.DEPENDS:'DEPENDS' should be placed before 'S' [branch:true]
recipes-plugins/setbfree/setbfree.bb:39:warning:oelint.vars.dependsordered:'DEPENDS' entries should be ordered alphabetically [branch:true]
recipes-plugins/setbfree/setbfree.bb:44:warning:oelint.var.filesoverride:'FILES' should not be overridden [branch:true]
recipes-plugins/sfizz-lv2/sfizz-lv2.bb:1:error:oelint.file.underscores:Filename should contain at least one '_' in the end [branch:true]
recipes-plugins/sfizz-lv2/sfizz-lv2.bb:1:info:oelint.var.bbclassextend:BBCLASSEXTEND should be set if possible [branch:true]
recipes-plugins/sfizz-lv2/sfizz-lv2.bb:1:error:oelint.var.mandatoryvar.HOMEPAGE:Variable 'HOMEPAGE' should be set [branch:true]
recipes-plugins/sfizz-lv2/sfizz-lv2.bb:1:info:oelint.var.suggestedvar.BUGTRACKER:Variable 'BUGTRACKER' should be set [branch:true]
recipes-plugins/sfizz-lv2/sfizz-lv2.bb:1:info:oelint.var.suggestedvar.CVE_PRODUCT:Variable 'CVE_PRODUCT' should be set [branch:true]
recipes-plugins/sfizz-lv2/sfizz-lv2.bb:6:warning:oelint.vars.fileextrapaths:'FILESEXTRAPATHS' should be used only in a bbappend file [branch:true]
recipes-plugins/sfizz-lv2/sfizz-lv2.bb:6:warning:oelint.vars.outofcontext:FILESEXTRAPATHS should be only set in bbappend(s) [branch:true]
recipes-plugins/sfizz-lv2/sfizz-lv2.bb:8:warning:oelint.file.patchsignedoff:Patch '01-filetypes.patch' should contain a Signed-off-by entry [branch:true]
recipes-plugins/sfizz-lv2/sfizz-lv2.bb:8:warning:oelint.file.patchsignedoff:Patch '02-skip-qt-widgets.patch' should contain a Signed-off-by entry [branch:true]
recipes-plugins/sfizz-lv2/sfizz-lv2.bb:8:info:oelint.file.upstreamstatus:Patch '01-filetypes.patch' should contain an Upstream-Status entry [branch:true]
recipes-plugins/sfizz-lv2/sfizz-lv2.bb:8:info:oelint.file.upstreamstatus:Patch '02-skip-qt-widgets.patch' should contain an Upstream-Status entry [branch:true]
recipes-plugins/sfizz-lv2/sfizz-lv2.bb:13:warning:oelint.vars.spacesassignment:Suggest spaces around assignment. E.g. 'FOO = "BAR"' [branch:true]
recipes-plugins/sfizz-lv2/sfizz-lv2.bb:15:warning:oelint.var.order.PV:'PV' should be placed before 'SRCREV' [branch:true]
recipes-plugins/sfizz-lv2/sfizz-lv2.bb:17:error:oelint.vars.unpackdir:Use ${UNPACKDIR} instead of ${WORKDIR} [branch:true]
recipes-plugins/sfizz-lv2/sfizz-lv2.bb:33:warning:oelint.var.order.DEPENDS:'DEPENDS' should be placed before 'S' [branch:true]
recipes-plugins/sfizz-lv2/sfizz-lv2.bb:33:warning:oelint.vars.dependsordered:'DEPENDS' entries should be ordered alphabetically [branch:true]
recipes-plugins/sfizz-lv2/sfizz-lv2.bb:39:warning:oelint.var.filesoverride:'FILES' should not be overridden [branch:true]
recipes-plugins/shiro-plugins/shiro-plugins.bb:1:error:oelint.file.underscores:Filename should contain at least one '_' in the end [branch:true]
recipes-plugins/shiro-plugins/shiro-plugins.bb:1:info:oelint.var.bbclassextend:BBCLASSEXTEND should be set if possible [branch:true]
recipes-plugins/shiro-plugins/shiro-plugins.bb:1:error:oelint.var.mandatoryvar.DESCRIPTION:Variable 'DESCRIPTION' should be set [branch:true]
recipes-plugins/shiro-plugins/shiro-plugins.bb:1:error:oelint.var.mandatoryvar.HOMEPAGE:Variable 'HOMEPAGE' should be set [branch:true]
recipes-plugins/shiro-plugins/shiro-plugins.bb:1:error:oelint.var.mandatoryvar.SUMMARY:Variable 'SUMMARY' should be set [branch:true]
recipes-plugins/shiro-plugins/shiro-plugins.bb:1:info:oelint.var.suggestedvar.BUGTRACKER:Variable 'BUGTRACKER' should be set [branch:true]
recipes-plugins/shiro-plugins/shiro-plugins.bb:1:info:oelint.var.suggestedvar.CVE_PRODUCT:Variable 'CVE_PRODUCT' should be set [branch:true]
recipes-plugins/shiro-plugins/shiro-plugins.bb:1:info:oelint.var.suggestedvar.SECTION:Variable 'SECTION' should be set [branch:true]
recipes-plugins/shiro-plugins/shiro-plugins.bb:5:error:oelint.vars.insaneskip:INSANE_SKIP should be avoided at any cost [branch:true]
recipes-plugins/shiro-plugins/shiro-plugins.bb:12:warning:oelint.vars.spacesassignment:Suggest spaces around assignment. E.g. 'FOO = "BAR"' [branch:true]
recipes-plugins/shiro-plugins/shiro-plugins.bb:14:error:oelint.vars.unpackdir:Use ${UNPACKDIR} instead of ${WORKDIR} [branch:true]
recipes-plugins/shiro-plugins/shiro-plugins.bb:36:warning:oelint.var.order.DEPENDS:'DEPENDS' should be placed before 'S' [branch:true]
recipes-plugins/shiro-plugins/shiro-plugins.bb:36:warning:oelint.vars.dependsordered:'DEPENDS' entries should be ordered alphabetically [branch:true]
recipes-plugins/shiro-plugins/shiro-plugins.bb:41:warning:oelint.var.filesoverride:'FILES' should not be overridden [branch:true]
recipes-plugins/sooper-looper-lv2/sooper-looper-lv2.bb:1:error:oelint.file.underscores:Filename should contain at least one '_' in the end [branch:true]
recipes-plugins/sooper-looper-lv2/sooper-looper-lv2.bb:1:info:oelint.var.bbclassextend:BBCLASSEXTEND should be set if possible [branch:true]
recipes-plugins/sooper-looper-lv2/sooper-looper-lv2.bb:1:error:oelint.var.mandatoryvar.HOMEPAGE:Variable 'HOMEPAGE' should be set [branch:true]
recipes-plugins/sooper-looper-lv2/sooper-looper-lv2.bb:1:info:oelint.var.suggestedvar.BUGTRACKER:Variable 'BUGTRACKER' should be set [branch:true]
recipes-plugins/sooper-looper-lv2/sooper-looper-lv2.bb:1:info:oelint.var.suggestedvar.CVE_PRODUCT:Variable 'CVE_PRODUCT' should be set [branch:true]
recipes-plugins/sooper-looper-lv2/sooper-looper-lv2.bb:2:warning:oelint.vars.descriptiontoobrief:'DESCRIPTION' is shorter than 'SUMMARY' [branch:true]
recipes-plugins/sooper-looper-lv2/sooper-looper-lv2.bb:14:warning:oelint.vars.spacesassignment:Suggest spaces around assignment. E.g. 'FOO = "BAR"' [branch:true]
recipes-plugins/sooper-looper-lv2/sooper-looper-lv2.bb:16:error:oelint.vars.unpackdir:Use ${UNPACKDIR} instead of ${WORKDIR} [branch:true]
recipes-plugins/sooper-looper-lv2/sooper-looper-lv2.bb:35:warning:oelint.var.order.DEPENDS:'DEPENDS' should be placed before 'S' [branch:true]
recipes-plugins/sooper-looper-lv2/sooper-looper-lv2.bb:35:error:oelint.vars.dependsappend:DEPENDS should only be appended, not overwritten after an include or inherit [branch:true]
recipes-plugins/sooper-looper-lv2/sooper-looper-lv2.bb:42:warning:oelint.var.filesoverride:'FILES' should not be overridden [branch:true]
recipes-plugins/sooper-looper-lv2/sooper-looper-lv2.bb:42:warning:oelint.var.order.FILES:'FILES' should be placed before 'RDEPENDS' [branch:true]
recipes-plugins/stegosaurus/stegosaurus.bb:1:error:oelint.file.underscores:Filename should contain at least one '_' in the end [branch:true]
recipes-plugins/stegosaurus/stegosaurus.bb:1:info:oelint.var.bbclassextend:BBCLASSEXTEND should be set if possible [branch:true]
recipes-plugins/stegosaurus/stegosaurus.bb:1:error:oelint.var.mandatoryvar.DESCRIPTION:Variable 'DESCRIPTION' should be set [branch:true]
recipes-plugins/stegosaurus/stegosaurus.bb:1:error:oelint.var.mandatoryvar.HOMEPAGE:Variable 'HOMEPAGE' should be set [branch:true]
recipes-plugins/stegosaurus/stegosaurus.bb:1:error:oelint.var.mandatoryvar.SUMMARY:Variable 'SUMMARY' should be set [branch:true]
recipes-plugins/stegosaurus/stegosaurus.bb:1:info:oelint.var.suggestedvar.BUGTRACKER:Variable 'BUGTRACKER' should be set [branch:true]
recipes-plugins/stegosaurus/stegosaurus.bb:1:info:oelint.var.suggestedvar.CVE_PRODUCT:Variable 'CVE_PRODUCT' should be set [branch:true]
recipes-plugins/stegosaurus/stegosaurus.bb:1:info:oelint.var.suggestedvar.SECTION:Variable 'SECTION' should be set [branch:true]
recipes-plugins/stegosaurus/stegosaurus.bb:17:error:oelint.vars.srcurichecksum:md5sum is deprecated. It can be removed. [branch:true]
recipes-plugins/stegosaurus/stegosaurus.bb:21:error:oelint.vars.unpackdir:Use ${UNPACKDIR} instead of ${WORKDIR} [branch:true]
recipes-plugins/stegosaurus/stegosaurus.bb:38:warning:oelint.var.order.DEPENDS:'DEPENDS' should be placed before 'S' [branch:true]
recipes-plugins/stegosaurus/stegosaurus.bb:38:error:oelint.vars.dependsappend:DEPENDS should only be appended, not overwritten after an include or inherit [branch:true]
recipes-plugins/stegosaurus/stegosaurus.bb:38:warning:oelint.vars.dependsordered:'DEPENDS' entries should be ordered alphabetically [branch:true]
recipes-plugins/stegosaurus/stegosaurus.bb:43:warning:oelint.var.filesoverride:'FILES' should not be overridden [branch:true]
recipes-plugins/tap-lv2/tap-lv2.bb:1:error:oelint.file.underscores:Filename should contain at least one '_' in the end [branch:true]
recipes-plugins/tap-lv2/tap-lv2.bb:1:info:oelint.var.bbclassextend:BBCLASSEXTEND should be set if possible [branch:true]
recipes-plugins/tap-lv2/tap-lv2.bb:1:error:oelint.var.mandatoryvar.HOMEPAGE:Variable 'HOMEPAGE' should be set [branch:true]
recipes-plugins/tap-lv2/tap-lv2.bb:1:info:oelint.var.suggestedvar.BUGTRACKER:Variable 'BUGTRACKER' should be set [branch:true]
recipes-plugins/tap-lv2/tap-lv2.bb:1:info:oelint.var.suggestedvar.CVE_PRODUCT:Variable 'CVE_PRODUCT' should be set [branch:true]
recipes-plugins/tap-lv2/tap-lv2.bb:2:warning:oelint.vars.descriptiontoobrief:'DESCRIPTION' is shorter than 'SUMMARY' [branch:true]
recipes-plugins/tap-lv2/tap-lv2.bb:6:warning:oelint.vars.fileextrapaths:'FILESEXTRAPATHS' should be used only in a bbappend file [branch:true]
recipes-plugins/tap-lv2/tap-lv2.bb:6:warning:oelint.vars.outofcontext:FILESEXTRAPATHS should be only set in bbappend(s) [branch:true]
recipes-plugins/tap-lv2/tap-lv2.bb:8:error:oelint.vars.insaneskip:INSANE_SKIP should be avoided at any cost [branch:true]
recipes-plugins/tap-lv2/tap-lv2.bb:11:error:oelint.vars.unpackdir:Use ${UNPACKDIR} instead of ${WORKDIR} [branch:true]
recipes-plugins/tap-lv2/tap-lv2.bb:14:warning:oelint.file.patchsignedoff:Patch 'fix-code-indentation.patch' should contain a Signed-off-by entry [branch:true]
recipes-plugins/tap-lv2/tap-lv2.bb:14:info:oelint.file.upstreamstatus:Patch 'fix-code-indentation.patch' should contain an Upstream-Status entry [branch:true]
recipes-plugins/tap-lv2/tap-lv2.bb:14:warning:oelint.var.order.SRC_URI:'SRC_URI' should be placed before 'S' [branch:true]
recipes-plugins/tap-lv2/tap-lv2.bb:18:warning:oelint.vars.spacesassignment:Suggest spaces around assignment. E.g. 'FOO = "BAR"' [branch:true]
recipes-plugins/tap-lv2/tap-lv2.bb:56:warning:oelint.var.order.DEPENDS:'DEPENDS' should be placed before 'SRCREV' [branch:true]
recipes-plugins/tap-lv2/tap-lv2.bb:56:warning:oelint.vars.dependsordered:'DEPENDS' entries should be ordered alphabetically [branch:true]
recipes-plugins/tap-lv2/tap-lv2.bb:64:warning:oelint.var.filesoverride:'FILES' should not be overridden [branch:true]
recipes-plugins/tap-lv2/tap-lv2.bb:64:warning:oelint.var.order.FILES:'FILES' should be placed before 'RDEPENDS' [branch:true]
recipes-plugins/triceratops/triceratops.bb:1:error:oelint.file.underscores:Filename should contain at least one '_' in the end [branch:true]
recipes-plugins/triceratops/triceratops.bb:1:info:oelint.var.bbclassextend:BBCLASSEXTEND should be set if possible [branch:true]
recipes-plugins/triceratops/triceratops.bb:1:error:oelint.var.mandatoryvar.DESCRIPTION:Variable 'DESCRIPTION' should be set [branch:true]
recipes-plugins/triceratops/triceratops.bb:1:error:oelint.var.mandatoryvar.HOMEPAGE:Variable 'HOMEPAGE' should be set [branch:true]
recipes-plugins/triceratops/triceratops.bb:1:error:oelint.var.mandatoryvar.SUMMARY:Variable 'SUMMARY' should be set [branch:true]
recipes-plugins/triceratops/triceratops.bb:1:info:oelint.var.suggestedvar.BUGTRACKER:Variable 'BUGTRACKER' should be set [branch:true]
recipes-plugins/triceratops/triceratops.bb:1:info:oelint.var.suggestedvar.CVE_PRODUCT:Variable 'CVE_PRODUCT' should be set [branch:true]
recipes-plugins/triceratops/triceratops.bb:1:info:oelint.var.suggestedvar.SECTION:Variable 'SECTION' should be set [branch:true]
recipes-plugins/triceratops/triceratops.bb:17:error:oelint.vars.srcurichecksum:md5sum is deprecated. It can be removed. [branch:true]
recipes-plugins/triceratops/triceratops.bb:20:error:oelint.vars.unpackdir:Use ${UNPACKDIR} instead of ${WORKDIR} [branch:true]
recipes-plugins/triceratops/triceratops.bb:37:warning:oelint.var.order.DEPENDS:'DEPENDS' should be placed before 'S' [branch:true]
recipes-plugins/triceratops/triceratops.bb:37:error:oelint.vars.dependsappend:DEPENDS should only be appended, not overwritten after an include or inherit [branch:true]
recipes-plugins/triceratops/triceratops.bb:41:warning:oelint.var.filesoverride:'FILES' should not be overridden [branch:true]
recipes-plugins/x42-plugins/x42-plugins.bb:1:error:oelint.file.underscores:Filename should contain at least one '_' in the end [branch:true]
recipes-plugins/x42-plugins/x42-plugins.bb:1:info:oelint.var.bbclassextend:BBCLASSEXTEND should be set if possible [branch:true]
recipes-plugins/x42-plugins/x42-plugins.bb:1:error:oelint.var.mandatoryvar.HOMEPAGE:Variable 'HOMEPAGE' should be set [branch:true]
recipes-plugins/x42-plugins/x42-plugins.bb:1:info:oelint.var.suggestedvar.BUGTRACKER:Variable 'BUGTRACKER' should be set [branch:true]
recipes-plugins/x42-plugins/x42-plugins.bb:1:info:oelint.var.suggestedvar.CVE_PRODUCT:Variable 'CVE_PRODUCT' should be set [branch:true]
recipes-plugins/x42-plugins/x42-plugins.bb:3:warning:oelint.vars.descriptiontoobrief:'DESCRIPTION' is shorter than 'SUMMARY' [branch:true]
recipes-plugins/x42-plugins/x42-plugins.bb:7:warning:oelint.vars.fileextrapaths:'FILESEXTRAPATHS' should be used only in a bbappend file [branch:true]
recipes-plugins/x42-plugins/x42-plugins.bb:7:warning:oelint.vars.outofcontext:FILESEXTRAPATHS should be only set in bbappend(s) [branch:true]
recipes-plugins/x42-plugins/x42-plugins.bb:11:warning:oelint.vars.spacesassignment:Suggest spaces around assignment. E.g. 'FOO = "BAR"' [branch:true]
recipes-plugins/x42-plugins/x42-plugins.bb:14:warning:oelint.file.patchsignedoff:Patch '0001-Skip-desktop-plugins.patch' should contain a Signed-off-by entry [branch:true]
recipes-plugins/x42-plugins/x42-plugins.bb:14:info:oelint.file.upstreamstatus:Patch '0001-Skip-desktop-plugins.patch' should contain an Upstream-Status entry [branch:true]
recipes-plugins/x42-plugins/x42-plugins.bb:18:warning:oelint.vars.spacesassignment:Suggest spaces around assignment. E.g. 'FOO = "BAR"' [branch:true]
recipes-plugins/x42-plugins/x42-plugins.bb:20:error:oelint.vars.unpackdir:Use ${UNPACKDIR} instead of ${WORKDIR} [branch:true]
recipes-plugins/x42-plugins/x42-plugins.bb:30:warning:oelint.var.order.DEPENDS:'DEPENDS' should be placed before 'S' [branch:true]
recipes-plugins/x42-plugins/x42-plugins.bb:30:warning:oelint.vars.dependsordered:'DEPENDS' entries should be ordered alphabetically [branch:true]
recipes-plugins/x42-plugins/x42-plugins.bb:38:warning:oelint.var.filesoverride:'FILES' should not be overridden [branch:true]
recipes-plugins/x42-stepseq/x42-stepseq.bb:1:error:oelint.file.underscores:Filename should contain at least one '_' in the end [branch:true]
recipes-plugins/x42-stepseq/x42-stepseq.bb:1:info:oelint.var.bbclassextend:BBCLASSEXTEND should be set if possible [branch:true]
recipes-plugins/x42-stepseq/x42-stepseq.bb:1:error:oelint.var.mandatoryvar.DESCRIPTION:Variable 'DESCRIPTION' should be set [branch:true]
recipes-plugins/x42-stepseq/x42-stepseq.bb:1:error:oelint.var.mandatoryvar.HOMEPAGE:Variable 'HOMEPAGE' should be set [branch:true]
recipes-plugins/x42-stepseq/x42-stepseq.bb:1:error:oelint.var.mandatoryvar.SUMMARY:Variable 'SUMMARY' should be set [branch:true]
recipes-plugins/x42-stepseq/x42-stepseq.bb:1:info:oelint.var.suggestedvar.BUGTRACKER:Variable 'BUGTRACKER' should be set [branch:true]
recipes-plugins/x42-stepseq/x42-stepseq.bb:1:info:oelint.var.suggestedvar.CVE_PRODUCT:Variable 'CVE_PRODUCT' should be set [branch:true]
recipes-plugins/x42-stepseq/x42-stepseq.bb:1:info:oelint.var.suggestedvar.SECTION:Variable 'SECTION' should be set [branch:true]
recipes-plugins/x42-stepseq/x42-stepseq.bb:5:error:oelint.vars.insaneskip:INSANE_SKIP should be avoided at any cost [branch:true]
recipes-plugins/x42-stepseq/x42-stepseq.bb:13:warning:oelint.vars.spacesassignment:Suggest spaces around assignment. E.g. 'FOO = "BAR"' [branch:true]
recipes-plugins/x42-stepseq/x42-stepseq.bb:17:error:oelint.vars.unpackdir:Use ${UNPACKDIR} instead of ${WORKDIR} [branch:true]
recipes-plugins/x42-stepseq/x42-stepseq.bb:48:error:oelint.task.nocopy:'cp' shall not be used in do_install. Use 'install' [branch:true]
recipes-plugins/x42-stepseq/x42-stepseq.bb:51:error:oelint.task.nocopy:'cp' shall not be used in do_install. Use 'install' [branch:true]
recipes-plugins/x42-stepseq/x42-stepseq.bb:54:error:oelint.task.nocopy:'cp' shall not be used in do_install. Use 'install' [branch:true]
recipes-plugins/x42-stepseq/x42-stepseq.bb:59:warning:oelint.var.order.DEPENDS:'DEPENDS' should be placed before 'S' [branch:true]
recipes-plugins/x42-stepseq/x42-stepseq.bb:63:warning:oelint.var.filesoverride:'FILES' should not be overridden [branch:true]
recipes-plugins/x42-tinygain/x42-tinygain.bb:1:error:oelint.file.underscores:Filename should contain at least one '_' in the end [branch:true]
recipes-plugins/x42-tinygain/x42-tinygain.bb:1:info:oelint.var.bbclassextend:BBCLASSEXTEND should be set if possible [branch:true]
recipes-plugins/x42-tinygain/x42-tinygain.bb:1:error:oelint.var.mandatoryvar.HOMEPAGE:Variable 'HOMEPAGE' should be set [branch:true]
recipes-plugins/x42-tinygain/x42-tinygain.bb:1:info:oelint.var.suggestedvar.BUGTRACKER:Variable 'BUGTRACKER' should be set [branch:true]
recipes-plugins/x42-tinygain/x42-tinygain.bb:1:info:oelint.var.suggestedvar.CVE_PRODUCT:Variable 'CVE_PRODUCT' should be set [branch:true]
recipes-plugins/x42-tinygain/x42-tinygain.bb:2:warning:oelint.vars.descriptiontoobrief:'DESCRIPTION' is shorter than 'SUMMARY' [branch:true]
recipes-plugins/x42-tinygain/x42-tinygain.bb:9:warning:oelint.vars.spacesassignment:Suggest spaces around assignment. E.g. 'FOO = "BAR"' [branch:true]
recipes-plugins/x42-tinygain/x42-tinygain.bb:15:warning:oelint.vars.spacesassignment:Suggest spaces around assignment. E.g. 'FOO = "BAR"' [branch:true]
recipes-plugins/x42-tinygain/x42-tinygain.bb:17:error:oelint.vars.unpackdir:Use ${UNPACKDIR} instead of ${WORKDIR} [branch:true]
recipes-plugins/x42-tinygain/x42-tinygain.bb:27:warning:oelint.var.order.DEPENDS:'DEPENDS' should be placed before 'S' [branch:true]
recipes-plugins/x42-tinygain/x42-tinygain.bb:31:warning:oelint.var.filesoverride:'FILES' should not be overridden [branch:true]
recipes-plugins/x42-zconv/x42-zconv.bb:1:error:oelint.file.underscores:Filename should contain at least one '_' in the end [branch:true]
recipes-plugins/x42-zconv/x42-zconv.bb:1:info:oelint.var.bbclassextend:BBCLASSEXTEND should be set if possible [branch:true]
recipes-plugins/x42-zconv/x42-zconv.bb:1:error:oelint.var.mandatoryvar.HOMEPAGE:Variable 'HOMEPAGE' should be set [branch:true]
recipes-plugins/x42-zconv/x42-zconv.bb:1:info:oelint.var.suggestedvar.BUGTRACKER:Variable 'BUGTRACKER' should be set [branch:true]
recipes-plugins/x42-zconv/x42-zconv.bb:1:info:oelint.var.suggestedvar.CVE_PRODUCT:Variable 'CVE_PRODUCT' should be set [branch:true]
recipes-plugins/x42-zconv/x42-zconv.bb:3:warning:oelint.vars.descriptiontoobrief:'DESCRIPTION' is shorter than 'SUMMARY' [branch:true]
recipes-plugins/x42-zconv/x42-zconv.bb:9:error:oelint.vars.insaneskip:INSANE_SKIP should be avoided at any cost [branch:true]
recipes-plugins/x42-zconv/x42-zconv.bb:13:warning:oelint.file.patchsignedoff:Patch '02_mod-tweaks.patch' should contain a Signed-off-by entry [branch:true]
recipes-plugins/x42-zconv/x42-zconv.bb:13:warning:oelint.file.patchsignedoff:Patch '01_skip-thread-safe-planner.patch' should contain a Signed-off-by entry [branch:true]
recipes-plugins/x42-zconv/x42-zconv.bb:13:info:oelint.file.upstreamstatus:Patch '01_skip-thread-safe-planner.patch' should contain an Upstream-Status entry [branch:true]
recipes-plugins/x42-zconv/x42-zconv.bb:13:info:oelint.file.upstreamstatus:Patch '02_mod-tweaks.patch' should contain an Upstream-Status entry [branch:true]
recipes-plugins/x42-zconv/x42-zconv.bb:18:warning:oelint.vars.spacesassignment:Suggest spaces around assignment. E.g. 'FOO = "BAR"' [branch:true]
recipes-plugins/x42-zconv/x42-zconv.bb:20:warning:oelint.var.order.PV:'PV' should be placed before 'SRCREV' [branch:true]
recipes-plugins/x42-zconv/x42-zconv.bb:22:error:oelint.vars.unpackdir:Use ${UNPACKDIR} instead of ${WORKDIR} [branch:true]
recipes-plugins/x42-zconv/x42-zconv.bb:39:warning:oelint.var.order.DEPENDS:'DEPENDS' should be placed before 'S' [branch:true]
recipes-plugins/x42-zconv/x42-zconv.bb:39:warning:oelint.vars.dependsordered:'DEPENDS' entries should be ordered alphabetically [branch:true]
recipes-plugins/x42-zconv/x42-zconv.bb:48:warning:oelint.var.filesoverride:'FILES' should not be overridden [branch:true]
recipes-plugins/zam-plugins/zam-plugins.bb:1:error:oelint.file.underscores:Filename should contain at least one '_' in the end [branch:true]
recipes-plugins/zam-plugins/zam-plugins.bb:1:info:oelint.var.bbclassextend:BBCLASSEXTEND should be set if possible [branch:true]
recipes-plugins/zam-plugins/zam-plugins.bb:1:info:oelint.var.suggestedvar.BUGTRACKER:Variable 'BUGTRACKER' should be set [branch:true]
recipes-plugins/zam-plugins/zam-plugins.bb:1:info:oelint.var.suggestedvar.CVE_PRODUCT:Variable 'CVE_PRODUCT' should be set [branch:true]
recipes-plugins/zam-plugins/zam-plugins.bb:2:warning:oelint.vars.descriptiontoobrief:'DESCRIPTION' is shorter than 'SUMMARY' [branch:true]
recipes-plugins/zam-plugins/zam-plugins.bb:6:warning:oelint.var.licenseremotefile:License-File should be a remote file [branch:true]
recipes-plugins/zam-plugins/zam-plugins.bb:7:warning:oelint.vars.fileextrapaths:'FILESEXTRAPATHS' should be used only in a bbappend file [branch:true]
recipes-plugins/zam-plugins/zam-plugins.bb:7:warning:oelint.vars.outofcontext:FILESEXTRAPATHS should be only set in bbappend(s) [branch:true]
recipes-plugins/zam-plugins/zam-plugins.bb:10:error:oelint.vars.insaneskip:INSANE_SKIP should be avoided at any cost [branch:true]
recipes-plugins/zam-plugins/zam-plugins.bb:12:error:oelint.vars.unpackdir:Use ${UNPACKDIR} instead of ${WORKDIR} [branch:true]
recipes-plugins/zam-plugins/zam-plugins.bb:15:warning:oelint.file.patchsignedoff:Patch 'disable-generate-ttl-script.patch' should contain a Signed-off-by entry [branch:true]
recipes-plugins/zam-plugins/zam-plugins.bb:15:info:oelint.file.upstreamstatus:Patch 'disable-generate-ttl-script.patch' should contain an Upstream-Status entry [branch:true]
recipes-plugins/zam-plugins/zam-plugins.bb:15:warning:oelint.var.order.SRC_URI:'SRC_URI' should be placed before 'S' [branch:true]
recipes-plugins/zam-plugins/zam-plugins.bb:19:warning:oelint.vars.spacesassignment:Suggest spaces around assignment. E.g. 'FOO = "BAR"' [branch:true]
recipes-plugins/zam-plugins/zam-plugins.bb:56:warning:oelint.var.order.DEPENDS:'DEPENDS' should be placed before 'SRCREV' [branch:true]
recipes-plugins/zam-plugins/zam-plugins.bb:56:error:oelint.vars.dependsappend:DEPENDS should only be appended, not overwritten after an include or inherit [branch:true]
recipes-plugins/zam-plugins/zam-plugins.bb:56:warning:oelint.vars.dependsordered:'DEPENDS' entries should be ordered alphabetically [branch:true]
recipes-plugins/zam-plugins/zam-plugins.bb:63:warning:oelint.var.filesoverride:'FILES' should not be overridden [branch:true]
recipes-plugins/zeroconvo-lv2/zeroconvo-lv2.bb:1:error:oelint.file.underscores:Filename should contain at least one '_' in the end [branch:true]
recipes-plugins/zeroconvo-lv2/zeroconvo-lv2.bb:1:info:oelint.var.bbclassextend:BBCLASSEXTEND should be set if possible [branch:true]
recipes-plugins/zeroconvo-lv2/zeroconvo-lv2.bb:1:error:oelint.var.mandatoryvar.HOMEPAGE:Variable 'HOMEPAGE' should be set [branch:true]
recipes-plugins/zeroconvo-lv2/zeroconvo-lv2.bb:1:info:oelint.var.suggestedvar.BUGTRACKER:Variable 'BUGTRACKER' should be set [branch:true]
recipes-plugins/zeroconvo-lv2/zeroconvo-lv2.bb:1:info:oelint.var.suggestedvar.CVE_PRODUCT:Variable 'CVE_PRODUCT' should be set [branch:true]
recipes-plugins/zeroconvo-lv2/zeroconvo-lv2.bb:3:warning:oelint.vars.descriptiontoobrief:'DESCRIPTION' is shorter than 'SUMMARY' [branch:true]
recipes-plugins/zeroconvo-lv2/zeroconvo-lv2.bb:8:error:oelint.vars.insaneskip:INSANE_SKIP should be avoided at any cost [branch:true]
recipes-plugins/zeroconvo-lv2/zeroconvo-lv2.bb:15:warning:oelint.vars.spacesassignment:Suggest spaces around assignment. E.g. 'FOO = "BAR"' [branch:true]
recipes-plugins/zeroconvo-lv2/zeroconvo-lv2.bb:17:warning:oelint.var.order.PV:'PV' should be placed before 'SRCREV' [branch:true]
recipes-plugins/zeroconvo-lv2/zeroconvo-lv2.bb:19:error:oelint.vars.unpackdir:Use ${UNPACKDIR} instead of ${WORKDIR} [branch:true]
recipes-plugins/zeroconvo-lv2/zeroconvo-lv2.bb:48:warning:oelint.var.order.DEPENDS:'DEPENDS' should be placed before 'S' [branch:true]
recipes-plugins/zeroconvo-lv2/zeroconvo-lv2.bb:48:warning:oelint.vars.dependsordered:'DEPENDS' entries should be ordered alphabetically [branch:true]
recipes-plugins/zeroconvo-lv2/zeroconvo-lv2.bb:56:warning:oelint.var.filesoverride:'FILES' should not be overridden [branch:true]
recipes-plugins/zynaddsubfx/zynaddsubfx.bb:1:error:oelint.file.underscores:Filename should contain at least one '_' in the end [branch:true]
recipes-plugins/zynaddsubfx/zynaddsubfx.bb:1:info:oelint.var.bbclassextend:BBCLASSEXTEND should be set if possible [branch:true]
recipes-plugins/zynaddsubfx/zynaddsubfx.bb:1:info:oelint.var.suggestedvar.BUGTRACKER:Variable 'BUGTRACKER' should be set [branch:true]
recipes-plugins/zynaddsubfx/zynaddsubfx.bb:1:info:oelint.var.suggestedvar.CVE_PRODUCT:Variable 'CVE_PRODUCT' should be set [branch:true]
recipes-plugins/zynaddsubfx/zynaddsubfx.bb:3:warning:oelint.vars.descriptiontoobrief:'DESCRIPTION' is shorter than 'SUMMARY' [branch:true]
recipes-plugins/zynaddsubfx/zynaddsubfx.bb:8:warning:oelint.vars.fileextrapaths:'FILESEXTRAPATHS' should be used only in a bbappend file [branch:true]
recipes-plugins/zynaddsubfx/zynaddsubfx.bb:8:warning:oelint.vars.outofcontext:FILESEXTRAPATHS should be only set in bbappend(s) [branch:true]
recipes-plugins/zynaddsubfx/zynaddsubfx.bb:10:error:oelint.vars.insaneskip:INSANE_SKIP should be avoided at any cost [branch:true]
recipes-plugins/zynaddsubfx/zynaddsubfx.bb:13:warning:oelint.file.patchsignedoff:Patch '02_tweak-global-settings.patch' should contain a Signed-off-by entry [branch:true]
recipes-plugins/zynaddsubfx/zynaddsubfx.bb:13:warning:oelint.file.patchsignedoff:Patch '12_no-ttl-generator.patch' should contain a Signed-off-by entry [branch:true]
recipes-plugins/zynaddsubfx/zynaddsubfx.bb:13:warning:oelint.file.patchsignedoff:Patch '08_use-fftwf.patch' should contain a Signed-off-by entry [branch:true]
recipes-plugins/zynaddsubfx/zynaddsubfx.bb:13:warning:oelint.file.patchsignedoff:Patch '10_fix-build.patch' should contain a Signed-off-by entry [branch:true]
recipes-plugins/zynaddsubfx/zynaddsubfx.bb:13:warning:oelint.file.patchsignedoff:Patch '07_no-fft-mutex.patch' should contain a Signed-off-by entry [branch:true]
recipes-plugins/zynaddsubfx/zynaddsubfx.bb:13:warning:oelint.file.patchsignedoff:Patch '06_no-notepool-assert.patch' should contain a Signed-off-by entry [branch:true]
recipes-plugins/zynaddsubfx/zynaddsubfx.bb:13:warning:oelint.file.patchsignedoff:Patch '04_no-async.patch' should contain a Signed-off-by entry [branch:true]
recipes-plugins/zynaddsubfx/zynaddsubfx.bb:13:warning:oelint.file.patchsignedoff:Patch '01_no-asm.patch' should contain a Signed-off-by entry [branch:true]
recipes-plugins/zynaddsubfx/zynaddsubfx.bb:13:warning:oelint.file.patchsignedoff:Patch '11_mod-path-tweaks.patch' should contain a Signed-off-by entry [branch:true]
recipes-plugins/zynaddsubfx/zynaddsubfx.bb:13:warning:oelint.file.patchsignedoff:Patch '09_more-tweaks.patch' should contain a Signed-off-by entry [branch:true]
recipes-plugins/zynaddsubfx/zynaddsubfx.bb:13:warning:oelint.file.patchsignedoff:Patch '03_no-cmake-opts.patch' should contain a Signed-off-by entry [branch:true]
recipes-plugins/zynaddsubfx/zynaddsubfx.bb:13:info:oelint.file.upstreamstatus:Patch '06_no-notepool-assert.patch' should contain an Upstream-Status entry [branch:true]
recipes-plugins/zynaddsubfx/zynaddsubfx.bb:13:info:oelint.file.upstreamstatus:Patch '10_fix-build.patch' should contain an Upstream-Status entry [branch:true]
recipes-plugins/zynaddsubfx/zynaddsubfx.bb:13:info:oelint.file.upstreamstatus:Patch '03_no-cmake-opts.patch' should contain an Upstream-Status entry [branch:true]
recipes-plugins/zynaddsubfx/zynaddsubfx.bb:13:info:oelint.file.upstreamstatus:Patch '08_use-fftwf.patch' should contain an Upstream-Status entry [branch:true]
recipes-plugins/zynaddsubfx/zynaddsubfx.bb:13:info:oelint.file.upstreamstatus:Patch '02_tweak-global-settings.patch' should contain an Upstream-Status entry [branch:true]
recipes-plugins/zynaddsubfx/zynaddsubfx.bb:13:info:oelint.file.upstreamstatus:Patch '07_no-fft-mutex.patch' should contain an Upstream-Status entry [branch:true]
recipes-plugins/zynaddsubfx/zynaddsubfx.bb:13:info:oelint.file.upstreamstatus:Patch '09_more-tweaks.patch' should contain an Upstream-Status entry [branch:true]
recipes-plugins/zynaddsubfx/zynaddsubfx.bb:13:info:oelint.file.upstreamstatus:Patch '12_no-ttl-generator.patch' should contain an Upstream-Status entry [branch:true]
recipes-plugins/zynaddsubfx/zynaddsubfx.bb:13:info:oelint.file.upstreamstatus:Patch '04_no-async.patch' should contain an Upstream-Status entry [branch:true]
recipes-plugins/zynaddsubfx/zynaddsubfx.bb:13:info:oelint.file.upstreamstatus:Patch '11_mod-path-tweaks.patch' should contain an Upstream-Status entry [branch:true]
recipes-plugins/zynaddsubfx/zynaddsubfx.bb:13:info:oelint.file.upstreamstatus:Patch '01_no-asm.patch' should contain an Upstream-Status entry [branch:true]
recipes-plugins/zynaddsubfx/zynaddsubfx.bb:27:warning:oelint.vars.spacesassignment:Suggest spaces around assignment. E.g. 'FOO = "BAR"' [branch:true]
recipes-plugins/zynaddsubfx/zynaddsubfx.bb:29:warning:oelint.var.order.PV:'PV' should be placed before 'SRCREV' [branch:true]
recipes-plugins/zynaddsubfx/zynaddsubfx.bb:31:error:oelint.vars.unpackdir:Use ${UNPACKDIR} instead of ${WORKDIR} [branch:true]
recipes-plugins/zynaddsubfx/zynaddsubfx.bb:58:warning:oelint.var.order.DEPENDS:'DEPENDS' should be placed before 'S' [branch:true]
recipes-plugins/zynaddsubfx/zynaddsubfx.bb:58:error:oelint.vars.dependsappend:DEPENDS should only be appended, not overwritten after an include or inherit [branch:true]
recipes-plugins/zynaddsubfx/zynaddsubfx.bb:58:warning:oelint.vars.dependsordered:'DEPENDS' entries should be ordered alphabetically [branch:true]
recipes-plugins/zynaddsubfx/zynaddsubfx.bb:70:warning:oelint.var.filesoverride:'FILES' should not be overridden [branch:true]
recipes-plugins/zynaddsubfx/zynaddsubfx.bb:70:warning:oelint.var.order.FILES:'FILES' should be placed before 'RDEPENDS' [branch:true]
recipes-samples/images/moddevices-contrib-image.bb:1:error:oelint.var.mandatoryvar.DESCRIPTION:Variable 'DESCRIPTION' should be set [branch:true]
recipes-samples/images/moddevices-contrib-image.bb:1:error:oelint.var.override:Variable 'SUMMARY' is set by 'moddevices-contrib-image.bb,moddevices-contrib.inc' [branch:true]
recipes-samples/images/moddevices-contrib-image.bb:1:info:oelint.var.suggestedvar.BUGTRACKER:Variable 'BUGTRACKER' should be set [branch:true]
recipes-samples/images/moddevices-contrib-image.bb:1:info:oelint.var.suggestedvar.CVE_PRODUCT:Variable 'CVE_PRODUCT' should be set [branch:true]
recipes-samples/images/moddevices-contrib-image.bb:1:info:oelint.var.suggestedvar.SECTION:Variable 'SECTION' should be set [branch:true]
recipes-samples/images/moddevices-contrib-image.bb:1:warning:oelint.vars.summary80chars:'SUMMARY' should not be longer than 80 characters [branch:true]
recipes-samples/images/moddevices-contrib-image.bb:2:error:oelint.var.override:Variable 'HOMEPAGE' is set by 'moddevices-contrib-image.bb,moddevices-contrib.inc' [branch:true]
recipes-samples/images/moddevices-contrib-image.bb:3:error:oelint.var.override:Variable 'LICENSE' is set by 'moddevices-contrib-image.bb,moddevices-contrib.inc' [branch:true]
recipes-samples/images/moddevices-contrib-sdk-image.bb:1:error:oelint.var.mandatoryvar.DESCRIPTION:Variable 'DESCRIPTION' should be set [branch:true]
recipes-samples/images/moddevices-contrib-sdk-image.bb:1:error:oelint.var.override:Variable 'SUMMARY' is set by 'moddevices-contrib.inc,moddevices-contrib-sdk-image.bb' [branch:true]
recipes-samples/images/moddevices-contrib-sdk-image.bb:1:info:oelint.var.suggestedvar.BUGTRACKER:Variable 'BUGTRACKER' should be set [branch:true]
recipes-samples/images/moddevices-contrib-sdk-image.bb:1:info:oelint.var.suggestedvar.CVE_PRODUCT:Variable 'CVE_PRODUCT' should be set [branch:true]
recipes-samples/images/moddevices-contrib-sdk-image.bb:1:info:oelint.var.suggestedvar.SECTION:Variable 'SECTION' should be set [branch:true]
recipes-samples/images/moddevices-contrib-sdk-image.bb:1:warning:oelint.vars.summary80chars:'SUMMARY' should not be longer than 80 characters [branch:true]
recipes-samples/images/moddevices-contrib-sdk-image.bb:2:error:oelint.var.override:Variable 'HOMEPAGE' is set by 'moddevices-contrib.inc,moddevices-contrib-sdk-image.bb' [branch:true]
recipes-samples/images/moddevices-contrib-sdk-image.bb:3:error:oelint.var.override:Variable 'LICENSE' is set by 'moddevices-contrib.inc,moddevices-contrib-sdk-image.bb' [branch:true]
recipes-samples/images/moddevices-contrib.inc:5:warning:oelint.vars.mispell.unknown:'ALSA' is unknown. Consider adding it via --constantmods [branch:true]
recipes-samples/images/moddevices-contrib.inc:15:warning:oelint.vars.mispell.unknown:'JACK_EXTRA' is unknown. Consider adding it via --constantmods [branch:true]
recipes-samples/images/moddevices-contrib.inc:19:warning:oelint.vars.mispell.unknown:'AUDIOPLUGINS' is unknown. Consider adding it via --constantmods [branch:true]
recipes-samples/images/moddevices-contrib.inc:58:warning:oelint.vars.mispell.unknown:'AUDIOPLUGINS_EXTRA' is unknown. Consider adding it via --constantmods [branch:true]
recipes-samples/images/moddevices-contrib.inc:65:warning:oelint.vars.mispell.unknown:'SYNTHENGINES' is unknown. Consider adding it via --constantmods [branch:true]
recipes-samples/images/moddevices-contrib.inc:74:warning:oelint.vars.mispell.unknown:'AUDIOLIBRARIES' is unknown. Consider adding it via --constantmods [branch:true]
recipes-samples/images/moddevices-contrib.inc:86:warning:oelint.vars.mispell.unknown:'MODPLUGINS' is unknown. Consider adding it via --constantmods [branch:true]
recipes-samples/images/moddevices-contrib.inc:101:warning:oelint.vars.mispell.unknown:'MODDEVICES' is unknown. Consider adding it via --constantmods [branch:true]
recipes-support/fftw/fftw_3.3.8.bb:1:error:oelint.var.mandatoryvar.HOMEPAGE:Variable 'HOMEPAGE' should be set [branch:true]
recipes-support/fftw/fftw_3.3.8.bb:1:error:oelint.var.mandatoryvar.SUMMARY:Variable 'SUMMARY' should be set [branch:true]
recipes-support/fftw/fftw_3.3.8.bb:1:info:oelint.var.suggestedvar.BUGTRACKER:Variable 'BUGTRACKER' should be set [branch:true]
recipes-support/fftw/fftw_3.3.8.bb:1:info:oelint.var.suggestedvar.CVE_PRODUCT:Variable 'CVE_PRODUCT' should be set [branch:true]
recipes-support/fftw/fftw_3.3.8.bb:10:error:oelint.vars.srcurichecksum:md5sum is deprecated. It can be removed. [branch:true]
recipes-support/fftw/fftw_3.3.8.bb:16:warning:oelint.var.order.PROVIDES:'PROVIDES' should be placed before 'SRC_URI' [branch:true]
recipes-support/fftw/fftw_3.3.8.bb:68:warning:oelint.newline.consecutive:Consecutive blank lines should be avoided [branch:true]
recipes-support/fftw/fftw_3.3.8.bb:70:warning:oelint.var.filesoverride:'FILES' should not be overridden [branch:true]
recipes-support/fftw/fftw_3.3.8.bb:71:warning:oelint.var.filesoverride:'FILES' should not be overridden [branch:true]
recipes-support/fftw/fftw_3.3.8.bb:72:warning:oelint.var.filesoverride:'FILES' should not be overridden [branch:true]
recipes-support/fftw/fftw_3.3.8.bb:74:warning:oelint.var.order.PACKAGES:'PACKAGES' should be placed before 'FILES' [branch:true]
recipes-support/fftw/fftw_3.3.8.bb:75:warning:oelint.var.filesoverride:'FILES' should not be overridden [branch:true]
recipes-support/fftw/fftw_3.3.8.bb:76:warning:oelint.var.filesoverride:'FILES' should not be overridden [branch:true]
recipes-support/fftw/fftw_3.3.8.bb:77:warning:oelint.var.filesoverride:'FILES' should not be overridden [branch:true]
recipes-support/fftw/fftw_3.3.8.bb:78:warning:oelint.var.filesoverride:'FILES' should not be overridden [branch:true]
recipes-support/fftw/fftw_3.3.8.bb:80:warning:oelint.vars.filessetting.double:${libdir}/cmake is already set by default or in this recipe [branch:true]
recipes-support/fftw/fftw_3.3.8.bb:81:warning:oelint.vars.dependsordered:'RDEPENDS' entries should be ordered alphabetically [branch:true]
recipes-web/lv2-data-creative-commons/lv2-data-creative-commons.bb:1:error:oelint.file.underscores:Filename should contain at least one '_' in the end [branch:true]
recipes-web/lv2-data-creative-commons/lv2-data-creative-commons.bb:1:info:oelint.var.bbclassextend:BBCLASSEXTEND should be set if possible [branch:true]
recipes-web/lv2-data-creative-commons/lv2-data-creative-commons.bb:1:error:oelint.var.mandatoryvar.HOMEPAGE:Variable 'HOMEPAGE' should be set [branch:true]
recipes-web/lv2-data-creative-commons/lv2-data-creative-commons.bb:1:info:oelint.var.suggestedvar.BUGTRACKER:Variable 'BUGTRACKER' should be set [branch:true]
recipes-web/lv2-data-creative-commons/lv2-data-creative-commons.bb:1:info:oelint.var.suggestedvar.CVE_PRODUCT:Variable 'CVE_PRODUCT' should be set [branch:true]
recipes-web/lv2-data-creative-commons/lv2-data-creative-commons.bb:1:warning:oelint.vars.summary80chars:'SUMMARY' should not be longer than 80 characters [branch:true]
recipes-web/lv2-data-creative-commons/lv2-data-creative-commons.bb:2:warning:oelint.vars.descriptiontoobrief:'DESCRIPTION' is shorter than 'SUMMARY' [branch:true]
recipes-web/lv2-data-creative-commons/lv2-data-creative-commons.bb:5:warning:oelint.var.licenseremotefile:License-File should be a remote file [branch:true]
recipes-web/lv2-data-creative-commons/lv2-data-creative-commons.bb:10:warning:oelint.vars.spacesassignment:Suggest spaces around assignment. E.g. 'FOO = "BAR"' [branch:true]
recipes-web/lv2-data-creative-commons/lv2-data-creative-commons.bb:20:warning:oelint.vars.spacesassignment:Suggest spaces around assignment. E.g. 'FOO = "BAR"' [branch:true]
recipes-web/lv2-data-creative-commons/lv2-data-creative-commons.bb:22:error:oelint.vars.unpackdir:Use ${UNPACKDIR} instead of ${WORKDIR} [branch:true]
recipes-web/mod-lv2-data/mod-lv2-data.bb:1:error:oelint.file.underscores:Filename should contain at least one '_' in the end [branch:true]
recipes-web/mod-lv2-data/mod-lv2-data.bb:1:info:oelint.var.bbclassextend:BBCLASSEXTEND should be set if possible [branch:true]
recipes-web/mod-lv2-data/mod-lv2-data.bb:1:error:oelint.var.mandatoryvar.HOMEPAGE:Variable 'HOMEPAGE' should be set [branch:true]
recipes-web/mod-lv2-data/mod-lv2-data.bb:1:info:oelint.var.suggestedvar.BUGTRACKER:Variable 'BUGTRACKER' should be set [branch:true]
recipes-web/mod-lv2-data/mod-lv2-data.bb:1:info:oelint.var.suggestedvar.CVE_PRODUCT:Variable 'CVE_PRODUCT' should be set [branch:true]
recipes-web/mod-lv2-data/mod-lv2-data.bb:9:warning:oelint.vars.spacesassignment:Suggest spaces around assignment. E.g. 'FOO = "BAR"' [branch:true]
recipes-web/mod-lv2-data/mod-lv2-data.bb:19:warning:oelint.vars.spacesassignment:Suggest spaces around assignment. E.g. 'FOO = "BAR"' [branch:true]
recipes-web/mod-ui/mod-ui.bb:1:error:oelint.file.underscores:Filename should contain at least one '_' in the end [branch:true]
recipes-web/mod-ui/mod-ui.bb:1:info:oelint.var.bbclassextend:BBCLASSEXTEND should be set if possible [branch:true]
recipes-web/mod-ui/mod-ui.bb:1:error:oelint.var.mandatoryvar.DESCRIPTION:Variable 'DESCRIPTION' should be set [branch:true]
recipes-web/mod-ui/mod-ui.bb:1:error:oelint.var.mandatoryvar.HOMEPAGE:Variable 'HOMEPAGE' should be set [branch:true]
recipes-web/mod-ui/mod-ui.bb:1:error:oelint.var.mandatoryvar.SUMMARY:Variable 'SUMMARY' should be set [branch:true]
recipes-web/mod-ui/mod-ui.bb:1:info:oelint.var.suggestedvar.BUGTRACKER:Variable 'BUGTRACKER' should be set [branch:true]
recipes-web/mod-ui/mod-ui.bb:1:info:oelint.var.suggestedvar.CVE_PRODUCT:Variable 'CVE_PRODUCT' should be set [branch:true]
recipes-web/mod-ui/mod-ui.bb:1:info:oelint.var.suggestedvar.SECTION:Variable 'SECTION' should be set [branch:true]
recipes-web/mod-ui/mod-ui.bb:3:warning:oelint.var.licenseremotefile:License-File should be a remote file [branch:true]
recipes-web/mod-ui/mod-ui.bb:4:warning:oelint.vars.fileextrapaths:'FILESEXTRAPATHS' should be used only in a bbappend file [branch:true]
recipes-web/mod-ui/mod-ui.bb:4:warning:oelint.vars.outofcontext:FILESEXTRAPATHS should be only set in bbappend(s) [branch:true]
recipes-web/mod-ui/mod-ui.bb:6:error:oelint.vars.insaneskip:INSANE_SKIP should be avoided at any cost [branch:true]
recipes-web/mod-ui/mod-ui.bb:7:error:oelint.vars.insaneskip:INSANE_SKIP should be avoided at any cost [branch:true]
recipes-web/mod-ui/mod-ui.bb:11:warning:oelint.file.patchsignedoff:Patch 'solve-do-package-qa-issue.patch' should contain a Signed-off-by entry [branch:true]
recipes-web/mod-ui/mod-ui.bb:11:warning:oelint.file.patchsignedoff:Patch '0002-Migration-to-python3-pycryptodome.patch' should contain a Signed-off-by entry [branch:true]
recipes-web/mod-ui/mod-ui.bb:11:info:oelint.file.upstreamstatus:Patch '0002-Migration-to-python3-pycryptodome.patch' should contain an Upstream-Status entry [branch:true]
recipes-web/mod-ui/mod-ui.bb:11:info:oelint.file.upstreamstatus:Patch 'solve-do-package-qa-issue.patch' should contain an Upstream-Status entry [branch:true]
recipes-web/mod-ui/mod-ui.bb:16:warning:oelint.vars.spacesassignment:Suggest spaces around assignment. E.g. 'FOO = "BAR"' [branch:true]
recipes-web/mod-ui/mod-ui.bb:18:error:oelint.vars.unpackdir:Use ${UNPACKDIR} instead of ${WORKDIR} [branch:true]
recipes-web/mod-ui/mod-ui.bb:20:warning:oelint.var.order.DEPENDS:'DEPENDS' should be placed before 'S' [branch:true]
recipes-web/mod-ui/mod-ui.bb:26:warning:oelint.vars.dependsordered:'RDEPENDS' entries should be ordered alphabetically [branch:true]
recipes-web/mod-ui/mod-ui.bb:41:warning:oelint.var.order.FILES:'FILES' should be placed before 'RDEPENDS' [branch:true]
recipes-web/python-aggdraw/python3-aggdraw_1.3.11.bb:1:info:oelint.var.bbclassextend:BBCLASSEXTEND should be set if possible [branch:true]
recipes-web/python-aggdraw/python3-aggdraw_1.3.11.bb:1:error:oelint.var.mandatoryvar.DESCRIPTION:Variable 'DESCRIPTION' should be set [branch:true]
recipes-web/python-aggdraw/python3-aggdraw_1.3.11.bb:1:info:oelint.var.suggestedvar.BUGTRACKER:Variable 'BUGTRACKER' should be set [branch:true]
recipes-web/python-aggdraw/python3-aggdraw_1.3.11.bb:1:info:oelint.var.suggestedvar.CVE_PRODUCT:Variable 'CVE_PRODUCT' should be set [branch:true]
recipes-web/python-aggdraw/python3-aggdraw_1.3.11.bb:1:info:oelint.var.suggestedvar.SECTION:Variable 'SECTION' should be set [branch:true]
recipes-web/python-aggdraw/python3-aggdraw_1.3.11.bb:1:warning:oelint.vars.summary80chars:'SUMMARY' should not be longer than 80 characters [branch:true]
recipes-web/python-aggdraw/python3-aggdraw_1.3.11.bb:10:error:oelint.vars.srcurichecksum:md5sum is deprecated. It can be removed. [branch:true]
recipes-web/python-browsepy/python3-browsepy_0.5.6.bb:1:info:oelint.var.bbclassextend:BBCLASSEXTEND should be set if possible [branch:true]
recipes-web/python-browsepy/python3-browsepy_0.5.6.bb:1:error:oelint.var.mandatoryvar.DESCRIPTION:Variable 'DESCRIPTION' should be set [branch:true]
recipes-web/python-browsepy/python3-browsepy_0.5.6.bb:1:info:oelint.var.suggestedvar.BUGTRACKER:Variable 'BUGTRACKER' should be set [branch:true]
recipes-web/python-browsepy/python3-browsepy_0.5.6.bb:1:info:oelint.var.suggestedvar.CVE_PRODUCT:Variable 'CVE_PRODUCT' should be set [branch:true]
recipes-web/python-browsepy/python3-browsepy_0.5.6.bb:1:info:oelint.var.suggestedvar.SECTION:Variable 'SECTION' should be set [branch:true]
recipes-web/python-browsepy/python3-browsepy_0.5.6.bb:5:warning:oelint.vars.fileextrapaths:'FILESEXTRAPATHS' should be used only in a bbappend file [branch:true]
recipes-web/python-browsepy/python3-browsepy_0.5.6.bb:5:warning:oelint.vars.outofcontext:FILESEXTRAPATHS should be only set in bbappend(s) [branch:true]
recipes-web/python-browsepy/python3-browsepy_0.5.6.bb:9:warning:oelint.file.patchsignedoff:Patch '01_skip-unicategories-req.patch' should contain a Signed-off-by entry [branch:true]
recipes-web/python-browsepy/python3-browsepy_0.5.6.bb:9:info:oelint.file.upstreamstatus:Patch '01_skip-unicategories-req.patch' should contain an Upstream-Status entry [branch:true]
recipes-web/python-browsepy/python3-browsepy_0.5.6.bb:13:warning:oelint.vars.spacesassignment:Suggest spaces around assignment. E.g. 'FOO = "BAR"' [branch:true]
recipes-web/python-browsepy/python3-browsepy_0.5.6.bb:15:error:oelint.vars.unpackdir:Use ${UNPACKDIR} instead of ${WORKDIR} [branch:true]
recipes-web/python-jackclient/python3-jackclient.bb:1:error:oelint.file.underscores:Filename should contain at least one '_' in the end [branch:true]
recipes-web/python-jackclient/python3-jackclient.bb:1:info:oelint.var.bbclassextend:BBCLASSEXTEND should be set if possible [branch:true]
recipes-web/python-jackclient/python3-jackclient.bb:1:error:oelint.var.mandatoryvar.DESCRIPTION:Variable 'DESCRIPTION' should be set [branch:true]
recipes-web/python-jackclient/python3-jackclient.bb:1:info:oelint.var.suggestedvar.BUGTRACKER:Variable 'BUGTRACKER' should be set [branch:true]
recipes-web/python-jackclient/python3-jackclient.bb:1:info:oelint.var.suggestedvar.CVE_PRODUCT:Variable 'CVE_PRODUCT' should be set [branch:true]
recipes-web/python-jackclient/python3-jackclient.bb:1:info:oelint.var.suggestedvar.SECTION:Variable 'SECTION' should be set [branch:true]
recipes-web/python-jackclient/python3-jackclient.bb:12:error:oelint.vars.srcurichecksum:md5sum is deprecated. It can be removed. [branch:true]
recipes-web/python-jackclient/python3-jackclient.bb:15:warning:oelint.var.order.DEPENDS:'DEPENDS' should be placed before 'PV' [branch:true]
recipes-web/python-jackclient/python3-jackclient.bb:15:warning:oelint.vars.dependsordered:'DEPENDS' entries should be ordered alphabetically [branch:true]
recipes-web/python-netifaces/python-netifaces.bb:1:error:oelint.file.underscores:Filename should contain at least one '_' in the end [branch:true]
recipes-web/python-netifaces/python-netifaces.bb:1:info:oelint.var.bbclassextend:BBCLASSEXTEND should be set if possible [branch:true]
recipes-web/python-netifaces/python-netifaces.bb:1:info:oelint.var.suggestedvar.BUGTRACKER:Variable 'BUGTRACKER' should be set [branch:true]
recipes-web/python-netifaces/python-netifaces.bb:1:info:oelint.var.suggestedvar.CVE_PRODUCT:Variable 'CVE_PRODUCT' should be set [branch:true]
recipes-web/python-netifaces/python-netifaces.bb:1:info:oelint.var.suggestedvar.SECTION:Variable 'SECTION' should be set [branch:true]
recipes-web/python-netifaces/python-netifaces.bb:2:warning:oelint.vars.descriptiontoobrief:'DESCRIPTION' is shorter than 'SUMMARY' [branch:true]
recipes-web/python-netifaces/python-netifaces.bb:4:warning:oelint.vars.homepageping:'HOMEPAGE' isn't reachable [branch:true]
recipes-web/python-netifaces/python-netifaces.bb:8:warning:oelint.vars.downloadfilename:Fetcher does create a download artifact without 'PV' in the filename [branch:true]
recipes-web/python-netifaces/python-netifaces.bb:9:error:oelint.vars.srcurichecksum:md5sum is deprecated. It can be removed. [branch:true]
recipes-web/python-netifaces/python-netifaces.bb:12:error:oelint.vars.unpackdir:Use ${UNPACKDIR} instead of ${WORKDIR} [branch:true]
recipes-web/python-pillow/python3-pillow_4.1.1.bb:1:info:oelint.var.bbclassextend:BBCLASSEXTEND should be set if possible [branch:true]
recipes-web/python-pillow/python3-pillow_4.1.1.bb:1:error:oelint.var.mandatoryvar.DESCRIPTION:Variable 'DESCRIPTION' should be set [branch:true]
recipes-web/python-pillow/python3-pillow_4.1.1.bb:1:error:oelint.var.mandatoryvar.HOMEPAGE:Variable 'HOMEPAGE' should be set [branch:true]
recipes-web/python-pillow/python3-pillow_4.1.1.bb:1:info:oelint.var.suggestedvar.BUGTRACKER:Variable 'BUGTRACKER' should be set [branch:true]
recipes-web/python-pillow/python3-pillow_4.1.1.bb:1:info:oelint.var.suggestedvar.CVE_PRODUCT:Variable 'CVE_PRODUCT' should be set [branch:true]
recipes-web/python-pillow/python3-pillow_4.1.1.bb:1:warning:oelint.vars.summary80chars:'SUMMARY' should not be longer than 80 characters [branch:true]
recipes-web/python-pillow/python3-pillow_4.1.1.bb:8:info:oelint.file.upstreamstatus:Patch '0001-build-always-disable-platform-guessing.patch' should contain an Upstream-Status entry [branch:true]
recipes-web/python-pillow/python3-pillow_4.1.1.bb:13:error:oelint.vars.srcurichecksum:md5sum is deprecated. It can be removed. [branch:true]
recipes-web/python-pillow/python3-pillow_4.1.1.bb:16:error:oelint.vars.unpackdir:Use ${UNPACKDIR} instead of ${WORKDIR} [branch:true]
recipes-web/python-pillow/python3-pillow_4.1.1.bb:18:warning:oelint.var.order.DEPENDS:'DEPENDS' should be placed before 'S' [branch:true]
recipes-web/python-pillow/python3-pillow_4.1.1.bb:18:warning:oelint.vars.dependsordered:'DEPENDS' entries should be ordered alphabetically [branch:true]
recipes-web/python-pycryptodome/python3-pycryptodome_3.10.4.bb:1:info:oelint.var.bbclassextend:BBCLASSEXTEND should be set if possible [branch:true]
recipes-web/python-pycryptodome/python3-pycryptodome_3.10.4.bb:1:error:oelint.var.mandatoryvar.DESCRIPTION:Variable 'DESCRIPTION' should be set [branch:true]
recipes-web/python-pycryptodome/python3-pycryptodome_3.10.4.bb:1:info:oelint.var.suggestedvar.BUGTRACKER:Variable 'BUGTRACKER' should be set [branch:true]
recipes-web/python-pycryptodome/python3-pycryptodome_3.10.4.bb:1:info:oelint.var.suggestedvar.CVE_PRODUCT:Variable 'CVE_PRODUCT' should be set [branch:true]
recipes-web/python-pycryptodome/python3-pycryptodome_3.10.4.bb:1:info:oelint.var.suggestedvar.SECTION:Variable 'SECTION' should be set [branch:true]
recipes-web/python-pycryptodome/python3-pycryptodome_3.10.4.bb:1:warning:oelint.vars.summary80chars:'SUMMARY' should not be longer than 80 characters [branch:true]
recipes-web/python-pycryptodome/python3-pycryptodome_3.10.4.bb:10:error:oelint.vars.srcurichecksum:md5sum is deprecated. It can be removed. [branch:true]
recipes-web/python-pystache/python3-pystache_0.5.4.bb:1:info:oelint.var.bbclassextend:BBCLASSEXTEND should be set if possible [branch:true]
recipes-web/python-pystache/python3-pystache_0.5.4.bb:1:error:oelint.var.mandatoryvar.DESCRIPTION:Variable 'DESCRIPTION' should be set [branch:true]
recipes-web/python-pystache/python3-pystache_0.5.4.bb:1:error:oelint.var.mandatoryvar.HOMEPAGE:Variable 'HOMEPAGE' should be set [branch:true]
recipes-web/python-pystache/python3-pystache_0.5.4.bb:1:info:oelint.var.suggestedvar.BUGTRACKER:Variable 'BUGTRACKER' should be set [branch:true]
recipes-web/python-pystache/python3-pystache_0.5.4.bb:1:info:oelint.var.suggestedvar.CVE_PRODUCT:Variable 'CVE_PRODUCT' should be set [branch:true]
recipes-web/python-pystache/python3-pystache_0.5.4.bb:1:warning:oelint.vars.summary80chars:'SUMMARY' should not be longer than 80 characters [branch:true]
recipes-web/python-pystache/python3-pystache_0.5.4.bb:12:error:oelint.vars.srcurichecksum:md5sum is deprecated. It can be removed. [branch:true]
recipes-web/python-pystache/python3-pystache_0.5.4.bb:15:error:oelint.vars.unpackdir:Use ${UNPACKDIR} instead of ${WORKDIR} [branch:true]
recipes-web/python-pystache/python3-pystache_0.5.4.bb:17:warning:oelint.var.order.DEPENDS:'DEPENDS' should be placed before 'S' [branch:true]
recipes-web/python-tornado/python-tornado.inc:1:warning:oelint.vars.spacesassignment:Suggest spaces around assignment. E.g. 'FOO = "BAR"' [branch:true]
recipes-web/python-tornado/python-tornado.inc:1:warning:oelint.vars.summary80chars:'SUMMARY' should not be longer than 80 characters [branch:true]
recipes-web/python-tornado/python-tornado.inc:9:error:oelint.vars.srcurichecksum:md5sum is deprecated. It can be removed. [branch:true]
recipes-web/python-tornado/python-tornado.inc:12:warning:oelint.vars.dependsordered:'RDEPENDS' entries should be ordered alphabetically [branch:true]
recipes-web/python-tornado/python-tornado.inc:17:warning:oelint.var.order.PACKAGES:'PACKAGES' should be placed before 'RDEPENDS' [branch:true]
recipes-web/python-tornado/python-tornado.inc:21:warning:oelint.var.filesoverride:'FILES' should not be overridden [branch:true]
recipes-web/python-tornado/python3-tornado_4.5.2.bb:1:info:oelint.var.bbclassextend:BBCLASSEXTEND should be set if possible [branch:true]
recipes-web/python-tornado/python3-tornado_4.5.2.bb:1:info:oelint.var.suggestedvar.BUGTRACKER:Variable 'BUGTRACKER' should be set [branch:true]
recipes-web/python-tornado/python3-tornado_4.5.2.bb:1:info:oelint.var.suggestedvar.CVE_PRODUCT:Variable 'CVE_PRODUCT' should be set [branch:true]
recipes-web/python-tornado/python3-tornado_4.5.2.bb:1:info:oelint.var.suggestedvar.SECTION:Variable 'SECTION' should be set [branch:true]
recipes-web/python-unicategories/python3-unicategories_0.1.1.bb:1:info:oelint.var.bbclassextend:BBCLASSEXTEND should be set if possible [branch:true]
recipes-web/python-unicategories/python3-unicategories_0.1.1.bb:1:error:oelint.var.mandatoryvar.DESCRIPTION:Variable 'DESCRIPTION' should be set [branch:true]
recipes-web/python-unicategories/python3-unicategories_0.1.1.bb:1:info:oelint.var.suggestedvar.BUGTRACKER:Variable 'BUGTRACKER' should be set [branch:true]
recipes-web/python-unicategories/python3-unicategories_0.1.1.bb:1:info:oelint.var.suggestedvar.CVE_PRODUCT:Variable 'CVE_PRODUCT' should be set [branch:true]
recipes-web/python-unicategories/python3-unicategories_0.1.1.bb:1:info:oelint.var.suggestedvar.SECTION:Variable 'SECTION' should be set [branch:true]
recipes-web/python-unicategories/python3-unicategories_0.1.1.bb:10:error:oelint.vars.srcurichecksum:md5sum is deprecated. It can be removed. [branch:true]
recipes-web/python-websocket-client/python3-websocket-client_0.53.0.bb:1:info:oelint.var.bbclassextend:BBCLASSEXTEND should be set if possible [branch:true]
recipes-web/python-websocket-client/python3-websocket-client_0.53.0.bb:1:error:oelint.var.mandatoryvar.DESCRIPTION:Variable 'DESCRIPTION' should be set [branch:true]
recipes-web/python-websocket-client/python3-websocket-client_0.53.0.bb:1:info:oelint.var.suggestedvar.BUGTRACKER:Variable 'BUGTRACKER' should be set [branch:true]
recipes-web/python-websocket-client/python3-websocket-client_0.53.0.bb:1:info:oelint.var.suggestedvar.CVE_PRODUCT:Variable 'CVE_PRODUCT' should be set [branch:true]
recipes-web/python-websocket-client/python3-websocket-client_0.53.0.bb:1:info:oelint.var.suggestedvar.SECTION:Variable 'SECTION' should be set [branch:true]
recipes-web/python-websocket-client/python3-websocket-client_0.53.0.bb:10:error:oelint.vars.srcurichecksum:md5sum is deprecated. It can be removed. [branch:true]
